id,text,sentence,type,value_raw,value_numeric,value_min,value_max,unit
a1,The district has an area of 8300 ha.,"Lausanne. District of the Canton of Vaud. 8300 ha area and 56,365 inhabitants, i.e., 679 inhabitants per km².",area,8300 ha,8300.0,,,ha
a2,"The district has 56,365 inhabitants.","Lausanne. District of the Canton of Vaud. 8300 ha area and 56,365 inhabitants, i.e., 679 inhabitants per km².",population_count,"56,365 inhabitants",56365.0,,,inhabitants
a3,The district has a population density of 679 inhabitants per km².,"Lausanne. District of the Canton of Vaud. 8300 ha area and 56,365 inhabitants, i.e., 679 inhabitants per km².",population_density,679 inhabitants per km²,679.0,,,inhabitants per km²
a4,Lake Geneva elevation is 375 m.,"It lies entirely in the Jorat highlands, especially on its sunny southern slope, and displays considerable differences in elevation: Lake Geneva 375 m, northeast end in central Jorat 932 m.",elevation,375 m,375.0,,,m
a5,Northeast end in central Jorat elevation is 932 m.,"It lies entirely in the Jorat highlands, especially on its sunny southern slope, and displays considerable differences in elevation: Lake Geneva 375 m, northeast end in central Jorat 932 m.",elevation,932 m,932.0,,,m
a6,The district's share of Lake Geneva's shore extends for 8 km.,"The district's share of Lake Geneva's shore, from the mouth of the Chamberonne to Paudex, extends for 8 km.",length,8 km,8.0,,,km
a7,The municipality of Lausanne has an area of nearly 4000 ha,"and in the Lausanne circle only the nearly 4000 ha large municipality of Lausanne itself, which thus covers nearly half the district by area.",area,nearly 4000 ha,4000.0,,,ha
a8,The total district area is 8300 ha,"The total district area is 8300 ha, of which 900 ha belong to the city and its immediate surroundings and 7400 ha to the rural landscape.",area,8300 ha,8300.0,,,ha
a9,The city and its immediate surroundings area is 900 ha,"The total district area is 8300 ha, of which 900 ha belong to the city and its immediate surroundings and 7400 ha to the rural landscape.",area,900 ha,900.0,,,ha
a10,The rural landscape area is 7400 ha,"The total district area is 8300 ha, of which 900 ha belong to the city and its immediate surroundings and 7400 ha to the rural landscape.",area,7400 ha,7400.0,,,ha
a11,Population density in the city and surroundings is about 50.7 inhabitants per hectare,"The population density accordingly varies: while it is very high in the city and surroundings at about 50.7 inhabitants per hectare, it is only about 1.45 inhabitants per hectare in the countryside; the overall average density of the district is 6.79 inhabitants per hectare.",population_density,about 50.7 inhabitants per hectare,50.7,,,inhabitants per hectare
a12,Population density in the countryside is about 1.45 inhabitants per hectare,"The population density accordingly varies: while it is very high in the city and surroundings at about 50.7 inhabitants per hectare, it is only about 1.45 inhabitants per hectare in the countryside; the overall average density of the district is 6.79 inhabitants per hectare.",population_density,about 1.45 inhabitants per hectare,1.45,,,inhabitants per hectare
a13,Overall average population density of the district is 6.79 inhabitants per hectare,"The population density accordingly varies: while it is very high in the city and surroundings at about 50.7 inhabitants per hectare, it is only about 1.45 inhabitants per hectare in the countryside; the overall average density of the district is 6.79 inhabitants per hectare.",population_density,6.79 inhabitants per hectare,6.79,,,inhabitants per hectare
a14,Arable land occupies 3230 ha,"Arable land occupies the largest share with 3230 ha, followed by meadows and orchards with 1890 ha and forest areas with 2280 ha.",area,3230 ha,3230.0,,,ha
a15,Meadows and orchards occupy 1890 ha,"Arable land occupies the largest share with 3230 ha, followed by meadows and orchards with 1890 ha and forest areas with 2280 ha.",area,1890 ha,1890.0,,,ha
a16,Forest areas occupy 2280 ha,"Arable land occupies the largest share with 3230 ha, followed by meadows and orchards with 1890 ha and forest areas with 2280 ha.",area,2280 ha,2280.0,,,ha
a17,Vineyards cover 440 ha,"Vineyards cover 440 ha and are also significant, while gardens with 120 ha and pastures with only 90 ha play a minor role.",area,440 ha,440.0,,,ha
a18,Gardens cover 120 ha,"Vineyards cover 440 ha and are also significant, while gardens with 120 ha and pastures with only 90 ha play a minor role.",area,120 ha,120.0,,,ha
a19,Pastures cover 90 ha,"Vineyards cover 440 ha and are also significant, while gardens with 120 ha and pastures with only 90 ha play a minor role.",area,90 ha,90.0,,,ha
a20,"Buildings, roads, and squares occupy about 200 ha","Additionally, buildings, roads, and squares occupy about 200 ha, highlighting the share of settlement and infrastructure areas.",area,about 200 ha,200.0,,,ha
a21,"The cathedral is located at 6° 38' 6"" E longitude and 46° 31' 24.1"" N latitude.","The cathedral is at 6° 38' 6"" E longitude from Greenwich and 46° 31' 24.1"" N latitude.",coordinates,"6° 38' 6"" E, 46° 31' 24.1"" N",,,,
a22,"The average elevation of Lausanne is 515 m, 140 m above the surface of Lake Geneva.","The average elevation of Lausanne is 515 m, i.e., 140 m above the surface of Lake Geneva.",elevation,515 m,515.0,,,m
a23,The city's buildings stand on five different ridge levels,"The city's buildings stand on five different ridge levels, between which the two wild streams Flon and Louve have carved their paths deeply.",other,five different ridge levels,5.0,,,
a24,The municipality of Lausanne covers about 3885 ha.,"The municipality of Lausanne, located almost in the middle of the district, covers about 3885 ha, approximately half the district's area, and is, except for some mountain municipalities, the largest by area in Vaud.",area,3885 ha,3885.0,,,ha
a25,The municipality extends 12.3 km from its southwest corner to its northeast corner.,"It stretches from the lakeshore to the central Jorat and extends 12.3 km from its southwest corner (mouth of the Chamberonne, 375 m) to the Montagne du Château (932 m) in the northeast corner.",length,12.3 km,12.3,,,km
a26,"The mouth of the Chamberonne is at 375 m elevation, the lowest point of the municipality.","It stretches from the lakeshore to the central Jorat and extends 12.3 km from its southwest corner (mouth of the Chamberonne, 375 m) to the Montagne du Château (932 m) in the northeast corner.",elevation,375 m,375.0,,,m
a27,"The Montagne du Château is at 932 m elevation, the highest point of the municipality.","It stretches from the lakeshore to the central Jorat and extends 12.3 km from its southwest corner (mouth of the Chamberonne, 375 m) to the Montagne du Château (932 m) in the northeast corner.",elevation,932 m,932.0,,,m
a28,"Molasse consists of soft sandstones, marly sandstones (called grappes in French), and marls.","The molasse, consisting of soft sandstones, marly sandstones (called grappes in French), and marls, is Miocene in age (Burdigalian stage) and was deposited in fresh water, brought here once by a large river originating from the Alps.",other,"soft sandstones, marly sandstones (called grappes in French), and marls",,,,
a29,rocky spur of Signal shows two types of layering,These two types of layering can be excellently seen from the rocky spur of Signal.,other,,,,,
a30,plateau of Béthusy and La Sallaz consist of horizontal molasse,"To the east, behind the plateau of Béthusy and La Sallaz, consisting of horizontal molasse, we see a long series of alternating ridges and small valleys;",other,,,,,
a31,landscape to the west displays large flat forms of horizontal layering,"to the west, the landscape displays the characteristic large flat forms of horizontal layering, as evidenced by the parade ground of Plaine du Loup.",other,,,,,
a32,The glacier scoured the ground along its arcuate path creating topographic forms that have not been completely erased despite later forces.,"This glacier scoured the ground along its arcuate path to such an extent that the forms created have not been completely erased despite later forces, as can still be seen in the slopes directed southeast between La Pontaise, Saint Laurent, and the Flon.",other,,,,,
a33,Slopes descending towards Ouchy bear a thick cover of ground moraine material,"The slopes descending towards Ouchy bear a thick cover of ground moraine material, while the gravel banks west of Mont Riond hill were deposited by glacier meltwaters flowing into a small side lake.",other,thick cover of ground moraine material,,,,
a34,Lake Geneva's level lowered by a total of 30-35 m,"Through three successive lowerings of Lake Geneva's level by a total of 30-35 m, three terraces at different heights were formed, of which today only the upper one (Beau Regard and Beau Rivage left and right of Ouchy) is visible.",lake_level,30-35 m,,30.0,35.0,m
a35,The mean barometric pressure in Lausanne is 716.5 mm.,"The mean barometric pressure is 716.5 mm; maximum 738.8 mm on January 16, 1882 and minimum 690.8 mm on January 23, 1897, an absolute difference of 48 mm.",other,716.5 mm,716.5,,,mm
a36,"The maximum barometric pressure was 738.8 mm on January 16, 1882.","The mean barometric pressure is 716.5 mm; maximum 738.8 mm on January 16, 1882 and minimum 690.8 mm on January 23, 1897, an absolute difference of 48 mm.",other,738.8 mm,738.8,,,mm
a37,"The minimum barometric pressure was 690.8 mm on January 23, 1897.","The mean barometric pressure is 716.5 mm; maximum 738.8 mm on January 16, 1882 and minimum 690.8 mm on January 23, 1897, an absolute difference of 48 mm.",other,690.8 mm,690.8,,,mm
a38,The absolute difference in barometric pressure is 48 mm.,"The mean barometric pressure is 716.5 mm; maximum 738.8 mm on January 16, 1882 and minimum 690.8 mm on January 23, 1897, an absolute difference of 48 mm.",other,48 mm,48.0,,,mm
a39,"Monthly average barometric pressure fluctuates between 712.8 mm in April and 718.6 mm in January, a range of 5.8 mm.","Monthly averages fluctuate between 712.8 mm (April) and 718.6 mm (January), a range of only 5.8 mm.",other,712.8 mm to 718.6 mm,,712.8,718.6,mm
a40,"The largest barometric pressure fluctuations occur in winter, the smallest in summer.","The largest fluctuations occur in winter, the smallest in summer.",other,,,,,
a41,Elevation of Champ de l'Air is 554 m.,"The annual mean temperatures, calculated from 25 years of observation (1874-1898), are 9.07°C at Champ de l'Air (554 m), 9.4°C in the Saint François quarter (498 m), and 10.6°C in Ouchy (376 m).",elevation,554 m,554.0,,,m
a42,Elevation of Saint François quarter is 498 m.,"The annual mean temperatures, calculated from 25 years of observation (1874-1898), are 9.07°C at Champ de l'Air (554 m), 9.4°C in the Saint François quarter (498 m), and 10.6°C in Ouchy (376 m).",elevation,498 m,498.0,,,m
a43,Elevation of Ouchy is 376 m.,"The annual mean temperatures, calculated from 25 years of observation (1874-1898), are 9.07°C at Champ de l'Air (554 m), 9.4°C in the Saint François quarter (498 m), and 10.6°C in Ouchy (376 m).",elevation,376 m,376.0,,,m
a44,Average annual lake water temperature is 12.1°C with a range of 5.6°-20°C.,(Average annual lake water temperature 12.1°C; range 5.6°-20°).,temperature,12.1°C; range 5.6°-20°,12.1,5.6,20.0,°C
a45,Champ de l'Air records about 75 days annually with temperatures below 0°,Champ de l'Air records about 75 days annually with temperatures below 0° and 25 days with temperatures above 20°C.,temperature,about 75 days annually,75.0,,,days
a46,Champ de l'Air records about 25 days annually with temperatures above 20°C,Champ de l'Air records about 75 days annually with temperatures below 0° and 25 days with temperatures above 20°C.,temperature,25 days,25.0,,,days
a47,The first winter frost in Lausanne occurs on average November 9.,"The first winter frost occurs on average November 9, the last on April 3; the frost period spans 106 to 178 days, averaging 145 days; frost-free days range from 181 to 272, averaging 220 days.",other,November 9,,,,
a48,The last winter frost in Lausanne occurs on average April 3.,"The first winter frost occurs on average November 9, the last on April 3; the frost period spans 106 to 178 days, averaging 145 days; frost-free days range from 181 to 272, averaging 220 days.",other,April 3,,,,
a49,"The frost period in Lausanne spans 106 to 178 days, averaging 145 days.","The first winter frost occurs on average November 9, the last on April 3; the frost period spans 106 to 178 days, averaging 145 days; frost-free days range from 181 to 272, averaging 220 days.",other,106 to 178 days,,106.0,178.0,days
a50,"Frost-free days in Lausanne range from 181 to 272, averaging 220 days.","The first winter frost occurs on average November 9, the last on April 3; the frost period spans 106 to 178 days, averaging 145 days; frost-free days range from 181 to 272, averaging 220 days.",other,181 to 272 days,,181.0,272.0,days
a51,"The thermometer remains below 0° continuously for 11-29 days annually in Lausanne, averaging 22 days.","The thermometer remains below 0° continuously for 11-29 days annually, averaging 22 days.",temperature,11-29 days,,11.0,29.0,days
a52,"The longest observed frost period with daily mean below 0° in Lausanne lasted 49 days from December 5, 1890 to January 22, 1891.","The longest observed frost period with daily mean below 0° lasted 49 days (December 5, 1890 - January 22, 1891).",temperature,49 days,49.0,,,days
a53,Average relative humidity in Lausanne is 78.1%.,Average relative humidity is 78.1%; monthly variation ranges from 70.4% in April and 70.6% in June and July up to 89.1% in December (observations 1874-1892).,other,78.1%,78.1,,,%
a54,Monthly relative humidity in Lausanne ranges from 70.4% in April and 70.6% in June and July up to 89.1% in December.,Average relative humidity is 78.1%; monthly variation ranges from 70.4% in April and 70.6% in June and July up to 89.1% in December (observations 1874-1892).,other,70.4% to 89.1%,,70.4,89.1,%
a55,"The lowest ever recorded relative humidity in Lausanne was 19% on March 24, 1854.","The lowest ever recorded was 19% on March 24, 1854.",other,19%,19.0,,,%
a56,Annual mean precipitation in Lausanne for 1874-1889 is 1027 mm.,"Precipitation amounts in Lausanne closely match the averages established by Dr. Julius Maurer for the entire Lake Geneva basin. The annual mean for 1874/89 is 1027 mm, individual years vary between 806.5 mm (1874 and 1887) and 1312.7 mm (1888); January average 42.1 mm, August 108.3 mm, October 118.4 mm.",precipitation,1027 mm,1027.0,,,mm
a57,Precipitation in individual years varies between 806.5 mm (1874 and 1887) and 1312.7 mm (1888) in Lausanne.,"Precipitation amounts in Lausanne closely match the averages established by Dr. Julius Maurer for the entire Lake Geneva basin. The annual mean for 1874/89 is 1027 mm, individual years vary between 806.5 mm (1874 and 1887) and 1312.7 mm (1888); January average 42.1 mm, August 108.3 mm, October 118.4 mm.",precipitation,806.5 mm to 1312.7 mm,,806.5,1312.7,mm
a58,"Average precipitation in Lausanne is 42.1 mm in January, 108.3 mm in August, and 118.4 mm in October.","Precipitation amounts in Lausanne closely match the averages established by Dr. Julius Maurer for the entire Lake Geneva basin. The annual mean for 1874/89 is 1027 mm, individual years vary between 806.5 mm (1874 and 1887) and 1312.7 mm (1888); January average 42.1 mm, August 108.3 mm, October 118.4 mm.",precipitation,"42.1 mm, 108.3 mm, 118.4 mm",,,,mm
a59,"The heaviest 24-hour rainfall was 95 mm on October 2, 1888.","The heaviest 24-hour rainfalls were 95 mm (October 2, 1888) and 91 mm (June 14, 1899), the latter causing the Flon and Louve to flood.",precipitation,95 mm,95.0,,,mm
a60,"The heaviest 24-hour rainfall was 91 mm on June 14, 1899.","The heaviest 24-hour rainfalls were 95 mm (October 2, 1888) and 91 mm (June 14, 1899), the latter causing the Flon and Louve to flood.",precipitation,91 mm,91.0,,,mm
a61,"Annual rainfall distribution: winter 16%, spring 23%, summer 31%, autumn 30%.","The annual total is distributed roughly as follows: winter 16%, spring 23%, summer 31%, autumn 30%.",precipitation,"winter 16%, spring 23%, summer 31%, autumn 30%",,,,
a62,January averages 8.7 rainy days in Lausanne.,"January averages 8.7 rainy days, June and November 13.5.",precipitation,8.7 rainy days,8.7,,,rainy days
a63,June averages 13.5 rainy days in Lausanne.,"January averages 8.7 rainy days, June and November 13.5.",precipitation,13.5 rainy days,13.5,,,rainy days
a64,November averages 13.5 rainy days in Lausanne.,"January averages 8.7 rainy days, June and November 13.5.",precipitation,13.5 rainy days,13.5,,,rainy days
a65,There are generally 22 snowy days per year in Lausanne.,"Generally, there are 22 snowy days per year, mostly in December-March.",precipitation,22 snowy days,22.0,,,snowy days
a66,"Average annual sunshine duration is 1912 hours, 47% of the calculated possible maximum of 4034 hours","Average annual sunshine duration is 1912 hours, i.e., 47% of the calculated possible maximum of 4034 hours considering the irregular horizon.",other,1912 hours,1912.0,,,hours
a67,Sunshine duration in August is 261 hours in Lausanne,"The sunniest months are August (261 hours), July (254 hours), June (225 hours), and May (216 hours); the least sunny are December (54 hours or 22%) and January (71 hours).",other,261 hours,261.0,,,hours
a68,Sunshine duration in July is 254 hours in Lausanne,"The sunniest months are August (261 hours), July (254 hours), June (225 hours), and May (216 hours); the least sunny are December (54 hours or 22%) and January (71 hours).",other,254 hours,254.0,,,hours
a69,Sunshine duration in June is 225 hours in Lausanne,"The sunniest months are August (261 hours), July (254 hours), June (225 hours), and May (216 hours); the least sunny are December (54 hours or 22%) and January (71 hours).",other,225 hours,225.0,,,hours
a70,Sunshine duration in May is 216 hours in Lausanne,"The sunniest months are August (261 hours), July (254 hours), June (225 hours), and May (216 hours); the least sunny are December (54 hours or 22%) and January (71 hours).",other,216 hours,216.0,,,hours
a71,Sunshine duration in December is 54 hours or 22% in Lausanne,"The sunniest months are August (261 hours), July (254 hours), June (225 hours), and May (216 hours); the least sunny are December (54 hours or 22%) and January (71 hours).",other,54 hours or 22%,54.0,,,hours
a72,Sunshine duration in January is 71 hours in Lausanne,"The sunniest months are August (261 hours), July (254 hours), June (225 hours), and May (216 hours); the least sunny are December (54 hours or 22%) and January (71 hours).",other,71 hours,71.0,,,hours
a73,"On average, there are 77 days without sunshine in Lausanne.","There are on average 77 days without sunshine, 38.3 of which fall in winter, whereas July only has 1.7 such days.",other,77 days,77.0,,,days
a74,"On average, 38.3 days without sunshine fall in winter in Lausanne.","There are on average 77 days without sunshine, 38.3 of which fall in winter, whereas July only has 1.7 such days.",other,38.3 days,38.3,,,days
a75,"On average, July has 1.7 days without sunshine in Lausanne.","There are on average 77 days without sunshine, 38.3 of which fall in winter, whereas July only has 1.7 such days.",other,1.7 days,1.7,,,days
a76,Elevation at Lake Geneva shore is 375 m,"The municipality, extending from the Lake Geneva shore (375 m) up to the heights of the Jorat (877 m), covers a range where one can travel within less than an hour from fig tree zones to fir forests and alpine pastures.",elevation,375 m,375.0,,,m
a77,Elevation at the heights of the Jorat is 877 m,"The municipality, extending from the Lake Geneva shore (375 m) up to the heights of the Jorat (877 m), covers a range where one can travel within less than an hour from fig tree zones to fir forests and alpine pastures.",elevation,877 m,877.0,,,m
a78,The most fertile areas lie in the south-exposed lower zone between about 380 and 700 meters elevation.,"The most fertile areas lie in the south-exposed lower zone between about 380 and 700 meters elevation, while in higher areas between 700 and 930 meters, with rougher climate, arable land and forests dominate.",elevation,between about 380 and 700 meters,,380.0,700.0,m
a79,"Higher areas between 700 and 930 meters elevation have rougher climate, arable land and forests.","The most fertile areas lie in the south-exposed lower zone between about 380 and 700 meters elevation, while in higher areas between 700 and 930 meters, with rougher climate, arable land and forests dominate.",elevation,between 700 and 930 meters,,700.0,930.0,m
a80,"Forest occupies approximately 160,881 ares of the municipal area.","Forest occupies the largest share with approximately 160,881 ares, followed by meadows with about 108,858 ares and arable land with around 85,752 ares, together defining the landscape character.",area,"approximately 160,881 ares",160881.0,,,ares
a81,"Meadows cover about 108,858 ares of the municipal area.","Forest occupies the largest share with approximately 160,881 ares, followed by meadows with about 108,858 ares and arable land with around 85,752 ares, together defining the landscape character.",area,"about 108,858 ares",108858.0,,,ares
a82,"Arable land covers around 85,752 ares of the municipal area.","Forest occupies the largest share with approximately 160,881 ares, followed by meadows with about 108,858 ares and arable land with around 85,752 ares, together defining the landscape character.",area,"around 85,752 ares",85752.0,,,ares
a83,"Vineyards cover about 17,716 ares of the municipal area, suggesting local wine production.","Vineyards are also significant at about 17,716 ares, suggesting local wine production, while gardens (9,735 ares) and roads and squares (9,950 ares) cover much smaller areas.",area,"about 17,716 ares",17716.0,,,ares
a84,"Gardens cover 9,735 ares of the municipal area.","Vineyards are also significant at about 17,716 ares, suggesting local wine production, while gardens (9,735 ares) and roads and squares (9,950 ares) cover much smaller areas.",area,"9,735 ares",9735.0,,,ares
a85,"Roads and squares cover 9,950 ares of the municipal area.","Vineyards are also significant at about 17,716 ares, suggesting local wine production, while gardens (9,735 ares) and roads and squares (9,950 ares) cover much smaller areas.",area,"9,950 ares",9950.0,,,ares
a86,"Buildings comprise about 5,569 ares of the municipal area.","Buildings themselves comprise about 5,569 ares, a comparatively small part.",area,"about 5,569 ares",5569.0,,,ares
a87,"The total municipal area is approximately 398,462 ares.","The total municipal area is approximately 398,462 ares, reflecting its agricultural character and high forest share.",area,"approximately 398,462 ares",398462.0,,,ares
a88,"The total cadastral value on December 31, 1901, was 163,119,121 Francs for buildings and 44,748,622 Francs for land.","The total cadastral value on December 31, 1901, was 163,119,121 Francs for buildings and 44,748,622 Francs for land.",other,"163,119,121 Francs for buildings and 44,748,622 Francs for land",,,,
a89,"The total cultivated land covers 382,942.28 ares and has a cadastral value of 20,081,141 Francs.","The total cultivated land covers 382,942.28 ares and has a cadastral value of 20,081,141 Francs.",area,"382,942.28 ares",382942.28,,,ares
a90,"Lausanne's vineyards yielded 10,435 hectoliters of white wine in 1901","In 1901, Lausanne's vineyards yielded 10,435 hectoliters of white and 464 hectoliters of red wine.",other,"10,435 hectoliters",10435.0,,,hectoliters
a91,Lausanne's vineyards yielded 464 hectoliters of red wine in 1901,"In 1901, Lausanne's vineyards yielded 10,435 hectoliters of white and 464 hectoliters of red wine.",other,464 hectoliters,464.0,,,hectoliters
a92,Vineyards covered 193 ha in 1887,"While these vineyards covered 193 ha in 1887, in 1902 they comprised only 160 ha.",area,193 ha,193.0,,,ha
a93,Vineyards covered 160 ha in 1902,"While these vineyards covered 193 ha in 1887, in 1902 they comprised only 160 ha.",area,160 ha,160.0,,,ha
a94,Cattle population was 1308 in January 1903 in Lausanne.,"Cattle numbers increased markedly from 1308 in January 1903 to 1449 in January 1904, indicating rising importance of cattle breeding.",population_count,1308,1308.0,,,
a95,Cattle population was 1449 in January 1904 in Lausanne.,"Cattle numbers increased markedly from 1308 in January 1903 to 1449 in January 1904, indicating rising importance of cattle breeding.",population_count,1449,1449.0,,,
a96,Horse population was 932 in January 1903 in Lausanne.,Horse numbers also edged up from 932 to 967.,population_count,932,932.0,,,
a97,Horse population was 967 in January 1904 in Lausanne.,Horse numbers also edged up from 932 to 967.,population_count,967,967.0,,,
a98,Donkey and mule numbers declined slightly from 57 to 51.,"On the contrary, donkey and mule numbers declined slightly from 57 to 51, possibly due to reduced need for such draft animals.",population_count,from 57 to 51,,51.0,57.0,
a99,Pig numbers remained nearly stable at 1246 and 1247.,Pig numbers remained nearly stable: 1246 and 1247.,population_count,1246 and 1247,,1246.0,1247.0,
a100,Sheep numbers were almost constant at 127 and 128.,Sheep numbers were almost constant at 127 and 128.,population_count,127 and 128,,127.0,128.0,
a101,Cattle are mostly of the Red Fleck breed,Cattle are mostly of the Red Fleck breed.,other,Red Fleck breed,,,,
a102,Lausanne's old town stands on five hills and in the small valleys cut between them.,The old town stands on five hills and in the small valleys cut between them.,other,five hills,5.0,,,
a103,"The oldest quarters form a labyrinth of narrow, crooked, and steep lanes and alleys with buildings at all sorts of elevations.","The centrally located oldest quarters form a labyrinth of narrow, crooked, and steep lanes and alleys with buildings at all sorts of elevations.",other,,,,,
a104,The hilly location once made transport difficult and walking through Lausanne was quite arduous.,This hilly location once made transport difficult; there was a time when a walk through Vaud’s capital was quite arduous.,other,,,,,
a105,The Grand Pont was 180 m long,"This so-called Grand Pont or Pont Pichard, built according to plans by engineer Adrien Pichard from 1839 to 1844, was 180 m long, 9.9 m wide, resting on two tiers of arches.",length,180 m,180.0,,,m
a106,The Grand Pont was 9.9 m wide,"This so-called Grand Pont or Pont Pichard, built according to plans by engineer Adrien Pichard from 1839 to 1844, was 9.9 m wide, resting on two tiers of arches.",width,9.9 m,9.9,,,m
a107,The bridge's height decreased from 25 m to 12 m.,"Originally 25 m high, the bridge now measures only 12 m.",elevation,25 m,25.0,,,m
a108,The bridge's height decreased from 25 m to 12 m.,"Originally 25 m high, the bridge now measures only 12 m.",elevation,12 m,12.0,,,m
a109,Sidewalks were broadened to 3.15 m in 1892.,"In 1892, its roadway was widened with iron cantilevers, and sidewalks broadened to 3.15 m, costing 120,134 Francs.",width,3.15 m,3.15,,,m
a110,Ample light enters through 70 windows.,Ample light enters through 70 windows.,other,70 windows,70.0,,,windows
a111,"The cathedral houses more than 1000 columns (472 in the nave, 100 in the choir).","The cathedral houses more than 1000 columns (472 in the nave, 100 in the choir).",other,more than 1000 columns,1000.0,1000.0,,columns
a112,The choir vault is 30 m high.,"The choir vault is 30 m high, the nave’s vault 19 m, and that of both aisles 8 m.",elevation,30 m,30.0,,,m
a113,The nave’s vault is 19 m high.,"The choir vault is 30 m high, the nave’s vault 19 m, and that of both aisles 8 m.",elevation,19 m,19.0,,,m
a114,The vault of both aisles is 8 m high.,"The choir vault is 30 m high, the nave’s vault 19 m, and that of both aisles 8 m.",elevation,8 m,8.0,,,m
a115,The rose window has a diameter of 9 m.,"A superb adornment is the 9 m diameter rose window above the southern transept’s front, with well-preserved 13th-century stained glass restored by Hosch, to be reinstalled after repair of severely weathered stone parapets.",length,9 m,9.0,,,m
a116,The largest bell of the cathedral has a lower diameter of 2.1 m,"Of the cathedral’s seven bells, the largest has a lower diameter of 2.1 m.",length,2.1 m,2.1,,,m
a117,The bell tower has a height of 57 meters.,"The 57 m high bell tower is supported by cross-shaped struts, roofed with four corner turrets (square southern ones, rounded northern).",elevation,57 m,57.0,,,m
a118,The staircase has 245 steps.,"A staircase with 245 steps leads to a terrace 45 m above ground offering splendid city, lake, and Alpine views, topped by an octagonal spire extending another 12 m.",other,245 steps,245.0,,,steps
a119,The terrace is 45 m above ground.,"A staircase with 245 steps leads to a terrace 45 m above ground offering splendid city, lake, and Alpine views, topped by an octagonal spire extending another 12 m.",elevation,45 m above ground,45.0,,,m
a120,The octagonal spire extends another 12 m above the terrace.,"A staircase with 245 steps leads to a terrace 45 m above ground offering splendid city, lake, and Alpine views, topped by an octagonal spire extending another 12 m.",elevation,12 m,12.0,,,m
a121,"At 30 m height, a stone-railed platform with small towers rings the tower.","At 30 m height, a stone-railed platform with small towers rings the tower.",elevation,30 m height,30.0,,,m
a122,The central tower is 75 m tall,"This included construction of the present 75 m central tower, whose keystone rests on the four great pillars at the intersection of choir, transept, and nave.",length,75 m,75.0,,,m
a123,The two towers are unfinished and covered with square roofs built by the Bernese,"North and south of the choir rest two other towers against the transept, unfinished and covered with square roofs built by the Bernese.",other,unfinished and covered with square roofs,,,,
a124,"Façade decorated with 15 m high pointed-arch vaults with numerous religious sculptures depicting scenes from the life of the Virgin Mary and Christ’s childhood, Passion, Joseph and Mary, Flight to Egypt.","Above it, 15 m high pointed-arch vaults with numerous religious sculptures (scenes from the life of the Virgin Mary and Christ’s childhood, Passion, Joseph and Mary, Flight to Egypt, etc.) decorate the façade.",other,15 m,15.0,,,m
a125,The Apostles’ portal is one of Switzerland’s finest Gothic masterpieces.,"A second entrance on the south façade is the so-called Apostles’ portal (Porche des Apôtres), restored in 1880-1881 at a cost of 64,745 Francs, and one of Switzerland’s finest Gothic masterpieces.",other,,,,,
a126,"The gatehouse is right-angled, peaked, topped by a pointed gable and octagonal turret, and supported by 72 columns (including 32 arranged around the porch corners).","This right-angled, peaked gatehouse is topped by a pointed gable and octagonal turret and supported by 72 columns (including 32 arranged around the porch corners).",other,72 columns (including 32 arranged around the porch corners),72.0,,,columns
a127,"Inside the portal are 12 statues of prophets and saints once painted and gilded, often misidentified as apostles.","Inside are 12 statues of prophets and saints once painted and gilded, often misidentified as apostles (hence the portal’s name).",other,12 statues,12.0,,,statues
a128,"The arches holding the vault are adorned by 80 prominent sculptures, each under a three-part tabernacle serving as base for the above figure.","The arches holding the vault are adorned by 80 prominent sculptures, each under a three-part tabernacle serving as base for the above figure.",other,80 prominent sculptures,80.0,,,sculptures
a129,"The castle is a massive, square stone building with an upper story of red bricks, murder holes, and four flanking turrets","Its design as a massive, square stone building with an upper story of red bricks, murder holes, and four flanking turrets, reflects old Piedmontese castle models, whose style also influenced castles at Vufflens and Estavayer.",other,"massive, square stone building with an upper story of red bricks, murder holes, and four flanking turrets",,,,
a130,Town hall noted for remarkable copper water spouts,It is especially noted for its remarkable copper water spouts and 17th-century faience stoves.,other,remarkable copper water spouts,,,,
a131,Town hall noted for 17th-century faience stoves,It is especially noted for its remarkable copper water spouts and 17th-century faience stoves.,other,17th-century faience stoves,,,,
a132,"The Rumine Palace is 131 m long, 35 m deep at the wings, 48 m deep in the central part, and 20 m high up to the frieze.","The palace is 131 m long, 35 m deep at the wings, 48 m in the central part, and 20 m high up to the frieze.",length,131 m,131.0,,,m
a133,The Rumine Palace is 35 m deep at the wings.,"The palace is 131 m long, 35 m deep at the wings, 48 m in the central part, and 20 m high up to the frieze.",depth,35 m,35.0,,,m
a134,The Rumine Palace is 48 m deep in the central part.,"The palace is 131 m long, 35 m deep at the wings, 48 m in the central part, and 20 m high up to the frieze.",depth,48 m,48.0,,,m
a135,The Rumine Palace is 20 m high up to the frieze.,"The palace is 131 m long, 35 m deep at the wings, 48 m in the central part, and 20 m high up to the frieze.",elevation,20 m,20.0,,,m
a136,The central building of the Federal Supreme Court Palace is crowned with allegorical sculptures.,Its central building is crowned with allegorical sculptures;,other,,,,,
a137,The entrance of the Federal Supreme Court Palace is guarded by two Carrara marble lions sculpted by Iguel.,the entrance is guarded by two Carrara marble lions sculpted by Iguel;,other,,,,,
a138,The vestibule of the Federal Supreme Court Palace is decorated with six bas-reliefs by Siber.,the vestibule is decorated with six bas-reliefs by Siber;,other,six,6.0,,,
a139,The main staircase of the Federal Supreme Court Palace features murals by Paul Robert.,the main staircase features murals by Paul Robert.,other,,,,,
a140,The Federal Post Office building is four stories tall.,"Built 1896-1901, four stories tall, at a cost of 2,850,000 Francs, it enjoys a fine location with splendid views.",other,four stories tall,4.0,,,stories
a141,"The Federal Post Office building cost 2,850,000 Francs to build.","Built 1896-1901, four stories tall, at a cost of 2,850,000 Francs, it enjoys a fine location with splendid views.",other,"2,850,000 Francs",2850000.0,,,Francs
a142,The cantonal hospital is at 575 m elevation.,"High above the city, at 575 m elevation, surrounded by wooded hillsides, stands the cantonal hospital, opened March 19, 1883, consisting of a main building (with 470 beds) and various annex pavilions.",elevation,575 m,575.0,,,m
a143,The main building of the cantonal hospital has 470 beds.,"High above the city, at 575 m elevation, surrounded by wooded hillsides, stands the cantonal hospital, opened March 19, 1883, consisting of a main building (with 470 beds) and various annex pavilions.",other,470 beds,470.0,,,beds
a144,Construction cost of the cantonal hospital was 2 million Francs.,Construction cost 2 million Francs.,other,2 million Francs,2000000.0,,,Francs
a145,"The 1131-are Montriond le Crêt park was bought by the city in 1894 for 390,000 Francs.","The 1131-are Montriond le Crêt park was bought by the city in 1894 for 390,000 Francs.",area,1131 are,1131.0,,,are
a146,"There were 10,303 households in 3,055 houses.","There were 10,303 households in 3,055 houses.",other,"10,303 households in 3,055 houses",,,,
a147,"In 1900, there were 22,142 males and 25,530 females; 29,058 unmarried, 15,183 married, 2,692 widowed, and 329 divorced.","In 1900, there were 22,142 males and 25,530 females; 29,058 unmarried, 15,183 married, 2,692 widowed, and 329 divorced.",population_count,"22,142 males and 25,530 females; 29,058 unmarried, 15,183 married, 2,692 widowed, and 329 divorced",,,,
a148,Average body height of young men at 19 years was 1.654 m in Lausanne.,Average body height of young men at 19 years was 1.654 m; 68% were fit for military service.,other,1.654 m,1.654,,,m
a149,Annual mortality rate averaged 18.1‰ in Lausanne during 1889-1897.,"The annual mortality rate averaged 18.1‰ (for 1889-1897), rising to 25‰ in 1853 and falling to 15.2‰ in 1897.",other,18.1‰,18.1,,,‰
a150,Annual mortality rate was 25‰ in Lausanne in 1853.,"The annual mortality rate averaged 18.1‰ (for 1889-1897), rising to 25‰ in 1853 and falling to 15.2‰ in 1897.",other,25‰,25.0,,,‰
a151,Annual mortality rate was 15.2‰ in Lausanne in 1897.,"The annual mortality rate averaged 18.1‰ (for 1889-1897), rising to 25‰ in 1853 and falling to 15.2‰ in 1897.",other,15.2‰,15.2,,,‰
a152,"Swiss average annual mortality rate for cities over 10,000 inhabitants was 18.1‰.","(Swiss average for cities over 10,000 inhabitants: 18.1‰).",other,18.1‰,18.1,,,‰
a153,Housing rents in Lausanne are cheaper than in Bern but more expensive than in Geneva.,"Housing rents in Lausanne are cheaper than in Bern but more expensive than in Geneva; for example, an annually 800–1,200 Franc rent is paid for a good 5-room apartment with a view and sunlight in one of the better quarters.",other,,,,,
a154,"An annually 800–1,200 Franc rent is paid for a good 5-room apartment with a view and sunlight in one of the better quarters of Lausanne.","Housing rents in Lausanne are cheaper than in Bern but more expensive than in Geneva; for example, an annually 800–1,200 Franc rent is paid for a good 5-room apartment with a view and sunlight in one of the better quarters.",other,"800–1,200 Franc",,800.0,1200.0,Franc
a155,The slaughterhouse and its subsequent improvements cost over half a million Francs.,"Lausanne has a large slaughterhouse opened in 1887, which along with subsequent improvements cost over half a million Francs.",other,over half a million Francs,,500000.0,,Francs
a156,"Annual wine consumption is approximately 4,750,000 liters","Annual wine consumption is approximately 4,750,000 liters, of which 2,370,000 liters are imported.",other,"4,750,000 liters",4750000.0,,,liters
a157,"Imported wine volume is 2,370,000 liters annually","Annual wine consumption is approximately 4,750,000 liters, of which 2,370,000 liters are imported.",other,"2,370,000 liters",2370000.0,,,liters
a158,Annual beer demand is around 5 million liters,"The beer demand is slightly higher, around 5 million liters annually.",other,5 million liters,5000000.0,,,liters
a159,"Potable spring water flow is 11,400–16,200 liters per minute","The city enjoys 11,400–16,200 liters per minute of potable spring water, averaging 486–630 liters per person per day.",other,"11,400–16,200 liters per minute",,11400.0,16200.0,liters per minute
a160,Average potable spring water consumption is 486–630 liters per person per day,"The city enjoys 11,400–16,200 liters per minute of potable spring water, averaging 486–630 liters per person per day.",other,486–630 liters per person per day,,486.0,630.0,liters per person per day
a161,"A chocolate factory in Lausanne produces up to 3,000 kg daily.","Famous are the chocolate factories, one producing up to 3,000 kg daily.",other,"up to 3,000 kg daily",3000.0,,,kg/day
a162,Two breweries in Lausanne produce about 3 million liters annually.,Two breweries produce about 3 million liters annually.,other,about 3 million liters annually,3000000.0,,,liters/year
a163,The Vaud Cantonal Bank's reserves now exceed 6 million Francs.,Its reserves now exceed 6 million Francs;,other,exceed 6 million Francs,6000000.0,,,Francs
a164,The Hypothecar Bank has 30 million Franc capital.,"Of its 30 million Franc capital, 12 million Franc notes issued are guaranteed by the canton at a minimum interest rate of 4%.",other,30 million Franc,30000000.0,,,Franc
a165,12 million Franc notes issued are guaranteed by the canton at a minimum interest rate of 4%.,"Of its 30 million Franc capital, 12 million Franc notes issued are guaranteed by the canton at a minimum interest rate of 4%.",other,12 million Franc,12000000.0,,,Franc
a166,Loans have interest rates of 4% and 4¼%.,"By end 1902, total loans at 4% and 4¼% interest summed to 109 million Francs.",other,4% and 4¼%,,4.0,4.25,%
a167,Total loans summed to 109 million Francs by end 1902.,"By end 1902, total loans at 4% and 4¼% interest summed to 109 million Francs.",other,109 million Francs,109000000.0,,,Franc
a168,There are 103 girls' and 19 boys' educational institutes in Lausanne,"Besides numerous inns and restaurants, there are 103 girls' and 19 boys' educational institutes, 203 family pensions for students, and about 80 private pensions for visitors.",other,103 girls' and 19 boys' educational institutes,,,,
a169,There are 203 family pensions for students in Lausanne,"Besides numerous inns and restaurants, there are 103 girls' and 19 boys' educational institutes, 203 family pensions for students, and about 80 private pensions for visitors.",other,203 family pensions for students,203.0,,,
a170,There are about 80 private pensions for visitors in Lausanne,"Besides numerous inns and restaurants, there are 103 girls' and 19 boys' educational institutes, 203 family pensions for students, and about 80 private pensions for visitors.",other,about 80 private pensions for visitors,80.0,,,
a171,Trams were initially powered by 130 HP Crossley motors.,"Initially powered by 130 HP Crossley motors, since September 24, 1902, power is supplied by electricity from the Lac de Bret via the transformer station at Pierre de Plan.",other,130 HP,130.0,,,HP
a172,The railway is 1476 m long.,"Built in 1875/76 and opened 1877, it is standard gauge, 1476 m long, has three stops, tunnels under Montbenon hill and the Jura-Simplon railway station, and other engineering structures.",length,1476 m,1476.0,,,m
a173,The cable railway Lausanne-Gare is 314 m long.,"It is complemented by the cable railway Lausanne-Gare with rack railway, opened December 5, 1879, 314 m long, also standard gauge, which uses a cable sled powered by a turbine to transport cars to central Place du Flon.",length,314 m,314.0,,,m
a174,Gare de Bel Air (Grand Pont station) is 102 m long and 20 m wide in the middle.,"It features large fireproof concrete warehouses and since 1902 the Gare de Bel Air (Grand Pont station), 102 m long and 20 m wide in the middle, boasting a 20-ton lift raising railcars 14 m from Place du Flon to the roof level, connecting with city trams and the other station Lausanne-Échallens.",length,102 m long,102.0,,,m
a175,Gare de Bel Air (Grand Pont station) is 20 m wide in the middle.,"It features large fireproof concrete warehouses and since 1902 the Gare de Bel Air (Grand Pont station), 102 m long and 20 m wide in the middle, boasting a 20-ton lift raising railcars 14 m from Place du Flon to the roof level, connecting with city trams and the other station Lausanne-Échallens.",length,20 m wide,20.0,,,m
a176,The lift at Gare de Bel Air raises railcars 14 m from Place du Flon to the roof level.,"It features large fireproof concrete warehouses and since 1902 the Gare de Bel Air (Grand Pont station), 102 m long and 20 m wide in the middle, boasting a 20-ton lift raising railcars 14 m from Place du Flon to the roof level, connecting with city trams and the other station Lausanne-Échallens.",length,14 m,14.0,,,m
a177,The lift at Gare de Bel Air has a capacity of 20 tons.,"It features large fireproof concrete warehouses and since 1902 the Gare de Bel Air (Grand Pont station), 102 m long and 20 m wide in the middle, boasting a 20-ton lift raising railcars 14 m from Place du Flon to the roof level, connecting with city trams and the other station Lausanne-Échallens.",other,20-ton,20.0,,,tons
a178,The length of the Lausanne-Signal cable car is 467 m.,"The 467 m long Lausanne-Signal cable car, opened in 1899 (cost 230,000 Francs), carried 142,110 passengers and 130,856 kg goods in 1902; it begins at Vallon and ends near the Signal terrace.",length,467 m,467.0,,,m
a179,The railway length is 22.9 km.,"It divides into three sections opened between 1873 and 1889, together 22.9 km long.",length,22.9 km,22.9,,,km
a180,"Registered letters exceeded 126,000","Registered letters (>126,000), coverage (insurance) services, and stamp sales totaling about 870,000 Francs further underscore a versatile postal operation.",other,">126,000",126000.0,,,
a181,"Stamp sales totaled about 870,000 Francs","Registered letters (>126,000), coverage (insurance) services, and stamp sales totaling about 870,000 Francs further underscore a versatile postal operation.",other,"about 870,000 Francs",870000.0,,,Francs
a182,The Lausanne telegraph district has 4141.7 km of wire network.,"The Lausanne telegraph district includes Geneva, Vaud, Valais, and Fribourg (except Sense and See districts) with over 100 telegraph offices and 4141.7 km of wire network.",length,4141.7 km,4141.7,,,km
a183,"City schools in Lausanne had a maintenance budget of 689,800 Francs in 1903.","Besides city schools with 190 teachers and a 1903 budget of 689,800 Francs for maintenance, Lausanne has numerous state institutions.",other,"689,800 Francs",689800.0,,,Francs
a184,"Kindergartens had a 1903 budget of 80,000 Francs","Kindergartens established after Froebel's model in 1895 now have 29 classes, 29 teachers, and 852 pupils aged 5–7, with a 1903 budget of 80,000 Francs.",other,"80,000 Francs",80000.0,,,Francs
a185,About 40 pupils per elementary school class,"There are 105 elementary school classes (11 in suburbs) with 4037 pupils aged 7–14 (about 40 per class) taught by 64 female, 37 male teachers and 16 specialists.",population_density,about 40 per class,40.0,,,pupils per class
a186,Special class for weak students has 17 pupils,"Since 1895, a special class for weak students (17 pupils) exists under one teacher;",population_count,17 pupils,17.0,,,pupils
a187,12 youth centers have 330 children aged 7–14,12 youth centers (classes gardiennes) started in 1896 with 330 children aged 7–14 serve those whose parents cannot supervise them during breaks.,population_count,330 children aged 7–14,330.0,,,children
a188,"Lausanne spends 439,500 Francs annually on elementary schooling","The city now spends 439,500 Francs annually on elementary schooling.",other,"439,500 Francs annually",439500.0,,,Francs
a189,"Annual cost of household and vocational schools was 25,840 Francs","A household school (cooking, washing, ironing) with 2 female teachers and a vocational school for ladies’ tailoring and lingerie (cutting, white sewing, dressmaking) with 4 female teachers were established in 1899, costing 25,840 Francs annually.",other,"25,840 Francs annually",25840.0,,,Francs
a190,"Yearly contribution to career training schools was 15,000 Francs","The city also supports career training schools run by 15 societies with a contribution of 15,000 Francs yearly.",other,"15,000 Francs yearly",15000.0,,,Francs
a191,"The staff includes a director, 13 women and 17 men teachers; budget 84,100 Francs","The staff includes a director, 13 women and 17 men teachers; budget 84,100 Francs.",other,"84,100 Francs",84100.0,,,Francs
a192,"Staff includes a director and 28 teachers and professors; total 14 classes; budget 95,000 Francs.","Staff includes a director and 28 teachers and professors; total 14 classes; budget 95,000 Francs.",other,28 teachers and professors,28.0,,,
a193,"Staff includes a director and 28 teachers and professors; total 14 classes; budget 95,000 Francs.","Staff includes a director and 28 teachers and professors; total 14 classes; budget 95,000 Francs.",other,14 classes,14.0,,,
a194,"Staff includes a director and 28 teachers and professors; total 14 classes; budget 95,000 Francs.","Staff includes a director and 28 teachers and professors; total 14 classes; budget 95,000 Francs.",other,"95,000 Francs",95000.0,,,Francs
a195,The progymnasium prepared pupils from age 10 in six annual courses for upper or humanities gymnasium,"The progymnasium or Collège cantonal was founded during Bernese rule, preparing pupils from age 10 in six annual courses for upper or humanities gymnasium, with six classes and 18 teachers, with a savings bank, library, orchestra, and developing school fund.",other,age 10,10.0,,,years
a196,The progymnasium had six classes and 18 teachers,"The progymnasium or Collège cantonal was founded during Bernese rule, preparing pupils from age 10 in six annual courses for upper or humanities gymnasium, with six classes and 18 teachers, with a savings bank, library, orchestra, and developing school fund.",other,six classes and 18 teachers,,,,
a197,Louis Ducrot was born in Yverdon in 1748.,"Lausanne lacked a public art collection until 1816, when via a subscription of 65 shares at 100 Francs, a group of private citizens bought the legacy of famous watercolor painter Louis Ducrot (born Yverdon 1748, died Lausanne 1810).",other,1748,1748.0,,,
a198,Louis Ducrot died in Lausanne in 1810.,"Lausanne lacked a public art collection until 1816, when via a subscription of 65 shares at 100 Francs, a group of private citizens bought the legacy of famous watercolor painter Louis Ducrot (born Yverdon 1748, died Lausanne 1810).",other,1810,1810.0,,,
a199,The music school had about 200 students and 10 teachers,"A professional musicians’ association founded the music school (Institut de musique) in 1860, with about 200 students and 10 teachers offering theory, harmony, singing, violin, piano, and cello.",other,about 200 students and 10 teachers,,,,
a200,"The free theological faculty library has 40,000 volumes","Besides the cantonal library, Lausanne has about 20 special libraries (e.g., that of the free theological faculty with 40,000 volumes, the Literary Society or Cercle littéraire with 10,000 volumes) and several reading societies.",other,"40,000 volumes",40000.0,,,volumes
a201,"The Literary Society or Cercle littéraire library has 10,000 volumes","Besides the cantonal library, Lausanne has about 20 special libraries (e.g., that of the free theological faculty with 40,000 volumes, the Literary Society or Cercle littéraire with 10,000 volumes) and several reading societies.",other,"10,000 volumes",10000.0,,,volumes
a202,"About 700 municipal employees, clerks, and workers receive an annual salary of 1.6 million Francs","About 700 municipal employees, clerks, and workers receive an annual salary of 1.6 million Francs.",other,700,700.0,,,
a203,"Annual salary of 1.6 million Francs for municipal employees, clerks, and workers","About 700 municipal employees, clerks, and workers receive an annual salary of 1.6 million Francs.",other,1.6 million Francs,1600000.0,,,Francs
a204,City debt from loans stood at 40.235 million Francs in 1903,"City debt from loans increased accordingly, standing at 40.235 million Francs in 1903 (1892-99 loans totalling 41.3 million).",other,40.235 million Francs,40235000.0,,,Francs
a205,Loans totalling 41.3 million Francs were taken between 1892 and 1899,"City debt from loans increased accordingly, standing at 40.235 million Francs in 1903 (1892-99 loans totalling 41.3 million).",other,41.3 million,41300000.0,,,Francs
a206,"Value of non-productive property in Lausanne amounted to 5,128,527 Francs in 1902.","Accounting principles make liabilities seem greater than reality, as inventory excludes value of non-productive property (churches, schools, public buildings, etc.), which in Lausanne amounted to 5,128,527 Francs in 1902, and forests are valued only at land value despite generating 11% return.",other,"5,128,527 Francs",5128527.0,,,Francs
a207,Forests in Lausanne generate 11% return.,"Accounting principles make liabilities seem greater than reality, as inventory excludes value of non-productive property (churches, schools, public buildings, etc.), which in Lausanne amounted to 5,128,527 Francs in 1902, and forests are valued only at land value despite generating 11% return.",growth_rate,11% return,11.0,,,%
a208,"Municipal tax revenue was 130,000 Francs in 1866","Revenue grew from 130,000 Francs in 1866 to 1.7 million Francs in 1903.",other,"130,000 Francs",130000.0,,,Francs
a209,Municipal tax revenue was 1.7 million Francs in 1903,"Revenue grew from 130,000 Francs in 1866 to 1.7 million Francs in 1903.",other,1.7 million Francs,1700000.0,,,Francs
a210,Progressive property tax on cadastral values amounted to 179 million Francs excluding state-owned property valued at nearly 29 million.,"Taxes levied include: progressive property tax on cadastral values (179 million Francs, excluding state-owned property valued at nearly 29 million) after deducting mortgages (82.9 million in 1902);",other,179 million Francs,179000000.0,,,Francs
a211,State-owned property valued at nearly 29 million Francs.,"Taxes levied include: progressive property tax on cadastral values (179 million Francs, excluding state-owned property valued at nearly 29 million) after deducting mortgages (82.9 million in 1902);",other,nearly 29 million,29000000.0,,,Francs
a212,Mortgages deducted amounted to 82.9 million Francs in 1902.,"Taxes levied include: progressive property tax on cadastral values (179 million Francs, excluding state-owned property valued at nearly 29 million) after deducting mortgages (82.9 million in 1902);",other,82.9 million,82900000.0,,,Francs
a213,Sales value tax on properties estimated at 226 million Francs in city in 1903,"sales value tax on properties (estimated at 229 million Francs in 1903, 226 million in city plus 3 million in countryside);",other,226 million,226000000.0,,,Francs
a214,Sales value tax on properties estimated at 3 million Francs in countryside in 1903,"sales value tax on properties (estimated at 229 million Francs in 1903, 226 million in city plus 3 million in countryside);",other,3 million,3000000.0,,,Francs
a215,"Income tax amounted to 7.8 million Francs from 5,801 taxpayers in 1902","income tax (7.8 million Francs from 5,801 taxpayers in 1902);",other,7.8 million Francs,7800000.0,,,Francs
a216,"Fees on purchases and transfers amounted to 45,455 Francs in 1902","fees on purchases and transfers (45,455 Francs in 1902);",other,"45,455 Francs",45455.0,,,Francs
a217,The head tax ranged from 3 to 300 Francs,"From 1903 onward, a head tax ranging from 3 to 300 Francs was added, raising about 240,000 Francs.",other,3 to 300 Francs,,3.0,300.0,Francs
a218,The poor fund's assets totaled 2.13 million Francs at end 1902.,"The municipal council also manages the poor fund, whose assets totaled 2.13 million Francs at end 1902, with a 1.94 million Franc capital.",other,2.13 million Francs,2130000.0,,,Francs
a219,The poor fund had a capital of 1.94 million Francs at end 1902.,"The municipal council also manages the poor fund, whose assets totaled 2.13 million Francs at end 1902, with a 1.94 million Franc capital.",other,1.94 million Franc,1940000.0,,,Francs
a220,"In 1902, 177,158 Francs were spent on support and land maintenance.","In 1902, 177,158 Francs were spent on support and land maintenance; domain income amounted to 127,652 Francs.",other,"177,158 Francs",177158.0,,,Francs
a221,"In 1902, domain income amounted to 127,652 Francs.","In 1902, 177,158 Francs were spent on support and land maintenance; domain income amounted to 127,652 Francs.",other,"127,652 Francs",127652.0,,,Francs
a222,Total tax revenue was 1.48 million Francs in 1901,"Total tax revenue was 1.48 million Francs in 1901 and 1.38 million Francs in 1902, distributed as follows:",other,1.48 million Francs,1480000.0,,,Francs
a223,Total tax revenue was 1.38 million Francs in 1902,"Total tax revenue was 1.48 million Francs in 1901 and 1.38 million Francs in 1902, distributed as follows:",other,1.38 million Francs,1380000.0,,,Francs
a224,"Average acquired water quantity was 3588 liters per minute based on 50 measurements, ranging from 2911 to 3840 liters per minute.","The acquired water quantity was determined as an average of 3588 liters per minute by 50 measurements, ranging from 2911 to 3840.",other,3588 liters per minute,3588.0,2911.0,3840.0,liters per minute
a225,Per capita daily water consumption was 135 liters in 1902.,"In 1902, per capita daily consumption was 135 liters, down from 560 liters when water usage was unrestricted before meter installation.",other,135 liters,135.0,,,liters
a226,Per capita daily water consumption was 560 liters before meter installation when water usage was unrestricted.,"In 1902, per capita daily consumption was 135 liters, down from 560 liters when water usage was unrestricted before meter installation.",other,560 liters,560.0,,,liters
a227,"Water supply amounting to 13,000 liters per minute from May 1 to October 31.","In August 1903, the city definitively took over water supplied under a July 4, 1899 contract from the “Société électrique Vevey-Montreux,” amounting to 13,000 liters/min from May 1–October 31 and 7,000 liters/min November 1–April 30, averaging 10,000 liters/min.",other,"13,000 liters/min",13000.0,,,liters/min
a228,"Water supply amounting to 7,000 liters per minute from November 1 to April 30.","In August 1903, the city definitively took over water supplied under a July 4, 1899 contract from the “Société électrique Vevey-Montreux,” amounting to 13,000 liters/min from May 1–October 31 and 7,000 liters/min November 1–April 30, averaging 10,000 liters/min.",other,"7,000 liters/min",7000.0,,,liters/min
a229,"Average water supply of 10,000 liters per minute.","In August 1903, the city definitively took over water supplied under a July 4, 1899 contract from the “Société électrique Vevey-Montreux,” amounting to 13,000 liters/min from May 1–October 31 and 7,000 liters/min November 1–April 30, averaging 10,000 liters/min.",other,"10,000 liters/min",10000.0,,,liters/min
a230,The reservoir of Sonzier is at 705 m elevation.,"It flows through a 25 km pipe (about 12 km in tunnels) to the reservoir of Sonzier east of Montreux at 705 m elevation, from which the city draws.",elevation,705 m,705.0,,,m
a231,"The pipe length is 25 km, including about 12 km in tunnels.","It flows through a 25 km pipe (about 12 km in tunnels) to the reservoir of Sonzier east of Montreux at 705 m elevation, from which the city draws.",length,25 km,25.0,,,km
a232,Sonzier-Lausanne pipeline length is 28.5 km,The city-built Sonzier-Lausanne pipeline is 28.5 km long and consists entirely of 500 mm diameter cast iron pipes.,length,28.5 km,28.5,,,km
a233,Sonzier-Lausanne pipeline pipe diameter is 500 mm,The city-built Sonzier-Lausanne pipeline is 28.5 km long and consists entirely of 500 mm diameter cast iron pipes.,length,500 mm,500.0,,,mm
a234,Water temperature upon entering the reservoir ranges from 7° to 9°C,"Water is very pure and fresh, temperature upon entering the reservoir ranging from 7° to 9°C.",temperature,7° to 9°C,,7.0,9.0,°C
a235,"Water quantities supplied into Lausanne vary from 10,900 to 19,500 liters per minute, average 15,200 liters per minute","Water quantities supplied into Lausanne vary from 10,900 to 19,500 liters per minute (average 15,200), plus private sources deliver 500 to 1,500 liters (average 1,000).",other,"10,900 to 19,500 liters per minute",,10900.0,19500.0,liters per minute
a236,"Private sources deliver 500 to 1,500 liters, average 1,000 liters","Water quantities supplied into Lausanne vary from 10,900 to 19,500 liters per minute (average 15,200), plus private sources deliver 500 to 1,500 liters (average 1,000).",other,"500 to 1,500 liters",,500.0,1500.0,liters
a237,"Total water available lies between 11,400 and 21,000 liters per minute in Lausanne.","Total water available thus lies between 11,400 and 21,000 liters per minute, roughly 342–630 liters per day per capita with 48,000 inhabitants.",other,"11,400 and 21,000 liters per minute",,11400.0,21000.0,liters per minute
a238,"Water availability is roughly 342–630 liters per day per capita in Lausanne with 48,000 inhabitants.","Total water available thus lies between 11,400 and 21,000 liters per minute, roughly 342–630 liters per day per capita with 48,000 inhabitants.",other,342–630 liters per day per capita,,342.0,630.0,liters per day per capita
a239,"Population count of Lausanne is 48,000 inhabitants.","Total water available thus lies between 11,400 and 21,000 liters per minute, roughly 342–630 liters per day per capita with 48,000 inhabitants.",population_count,"48,000 inhabitants",48000.0,,,inhabitants
a240,"Older sources feeding the Calvaire reservoir total 4,727.8 liters per minute","Older sources feeding the Calvaire reservoir (Chalet à Gobet, Les Cases, Bas Mont, Pont de Pierre) total 4,727.8 liters/min.",other,"4,727.8 liters/min",4727.8,,,liters/min
a241,"Sources feeding Montalègre and Calvaire reservoirs total 7,000 liters per minute","Pays d’Enhaut sources feeding Montalègre and Calvaire reservoirs total 7,000 liters/min.",other,"7,000 liters/min",7000.0,,,liters per minute
a242,"Sources fed to Bellevaux and Le Solitaire (Le Mont, Saint Hippolyte, La Naz, Pré Marin, La Blécherette) total 834.7 liters per minute","Sources fed to Bellevaux and Le Solitaire (Le Mont, Saint Hippolyte, La Naz, Pré Marin, La Blécherette) total 834.7 liters/min.",other,834.7 liters/min,834.7,,,liters/min
a243,Average water temperature is 7.6°C,"Average water temperature is 7.6°C, total volume 3,596,956 m³.",temperature,7.6°C,7.6,,,°C
a244,"Total water volume is 3,596,956 m³","Average water temperature is 7.6°C, total volume 3,596,956 m³.",other,"3,596,956 m³",3596956.0,,,m³
a245,Lac de Bret is located 15 km east of Lausanne.,"Besides municipal supply, a private company, Compagnie du Lausanne-Ouchy et des Eaux de Bret, founded by J. J. Mercier in 1873, brings water from the 15 km east Lac de Bret to Lausanne to power the Lausanne-Ouchy funicular and provide water for other uses.",distance,15 km east,15.0,,,km
a246,"Power transmission voltage is 22,000 volts","Electric power generated in Saint Maurice is transmitted as direct current at 22,000 volts (highest voltage so far for power transmission) through 56 km lines to Lausanne.",other,"22,000 volts",22000.0,,,volts
a247,Power transmission line length is 56 km,"Electric power generated in Saint Maurice is transmitted as direct current at 22,000 volts (highest voltage so far for power transmission) through 56 km lines to Lausanne.",length,56 km,56.0,,,km
a248,Plant fall is 32 m,Five 1000 HP turbines operate in the plant at a 32 m fall.,gradient,32 m,32.0,,,m
a249,"Voltage of underground cable networks is 3,000 volts.","In Lausanne, a transformer station at Pierre de Plan northeast of the city on a hill directs the flow into two independent underground cable networks (lighting and power) at 3,000 volts.",other,"3,000 volts",3000.0,,,volts
a250,Voltage reduced to 216 volts for final use by metal transformer boxes.,"Five substations further distribute power to various streets and districts, where metal transformer boxes reduce the voltage to 216 volts for final use.",other,216 volts,216.0,,,volts
a251,Power network supplies 1.4 million watts hourly to city trams,"Power network feeds city trams (1.4 million watts hourly), 145 motors, and 56 heating or medical apparatus using 2,714 kW total.",other,1.4 million watts hourly,1400000.0,,,watts hourly
a252,"Power network supplies total 2,714 kW to 145 motors and 56 heating or medical apparatus","Power network feeds city trams (1.4 million watts hourly), 145 motors, and 56 heating or medical apparatus using 2,714 kW total.",other,"2,714 kW total",2714.0,,,kW
a253,Existing primary and secondary cable networks total 68.7 km in length.,Existing primary and secondary cable networks total 68.7 km.,length,68.7 km,68.7,,,km
a254,"438,785 Francs spent in concession fees","Lausanne spent 8,026,688 Francs through 1902 on the enterprise, including 438,785 Francs in concession fees and 1,805,784 Francs for the station.",other,"438,785 Francs",438785.0,,,Francs
a255,"1,805,784 Francs spent for the station","Lausanne spent 8,026,688 Francs through 1902 on the enterprise, including 438,785 Francs in concession fees and 1,805,784 Francs for the station.",other,"1,805,784 Francs",1805784.0,,,Francs
a256,"Income of 183,073 Francs from electric operations","Electric operations starting August 1, 1901, brought income of 183,073 Francs and expenses of 218,273 Francs, a deficit of 35,200 Francs.",other,"183,073 Francs",183073.0,,,Francs
a257,"Expenses of 218,273 Francs from electric operations","Electric operations starting August 1, 1901, brought income of 183,073 Francs and expenses of 218,273 Francs, a deficit of 35,200 Francs.",other,"218,273 Francs",218273.0,,,Francs
a258,"Deficit of 35,200 Francs from electric operations","Electric operations starting August 1, 1901, brought income of 183,073 Francs and expenses of 218,273 Francs, a deficit of 35,200 Francs.",other,"35,200 Francs",35200.0,,,Francs
a259,"Budget income of 890,300 Francs in 1904","1904 budget estimates: income 890,300 Francs, expenses 726,900 Francs, surplus 163,400 Francs.",other,"890,300 Francs",890300.0,,,Francs
a260,"Budget expenses of 726,900 Francs in 1904","1904 budget estimates: income 890,300 Francs, expenses 726,900 Francs, surplus 163,400 Francs.",other,"726,900 Francs",726900.0,,,Francs
a261,"Budget surplus of 163,400 Francs in 1904","1904 budget estimates: income 890,300 Francs, expenses 726,900 Francs, surplus 163,400 Francs.",other,"163,400 Francs",163400.0,,,Francs
a262,"Cantonal divisions include the 2nd church district, 1st road maintenance district, 3rd military district, 3rd calibration district, and 4th forestry district","The city belongs to the 43rd federal voting district; cantonal divisions include the 2nd church district, 1st road maintenance district, 3rd military district, 3rd calibration district, and 4th forestry district.",other,"2nd church district, 1st road maintenance district, 3rd military district, 3rd calibration district, 4th forestry district",,,,
a263,The hospital had 200 beds and four isolation pavilions.,"As 1868 the health council demanded a larger, better site, the Grand Council in 1874 authorized building a new 200-bed hospital with four isolation pavilions on state-owned land at Calvaire, costing over 2 million Francs, inaugurated in 1883.",other,200 beds,200.0,,,beds
a264,"The hospital has 470 beds, with 407 in the main building and 63 in outbuildings.","It now has 470 beds (407 in the main building, 63 in outbuildings), offering each patient 30–40 m³ of air.",other,"470 beds (407 in the main building, 63 in outbuildings)",470.0,407.0,63.0,beds
a265,Each patient is offered 30–40 cubic meters of air.,"It now has 470 beds (407 in the main building, 63 in outbuildings), offering each patient 30–40 m³ of air.",other,30–40 m³,,30.0,40.0,m³
a266,The eye hospital has 45 beds,2) An eye hospital with 45 beds;,other,45 beds,45.0,,,beds
a267,The hospital has 30 beds.,"The children's hospital (Hospice de l’enfance), founded 1861 and housed from 1865 in its own building, has 30 beds, especially for poor or modest-income children aged 2–12 with curable, non-infectious illnesses; it also supplies medicines to homes.",other,30 beds,30.0,,,
a268,"Annual users number between 5,000 and 8,000","Annual users number 5,000–8,000.",population_count,"5,000–8,000",,5000.0,8000.0,
a269,The cemetery in Montoie covers an area of 648 ares,"Lausanne has cemeteries in Montoie (648 ares), La Sallaz, La Pontaise, Vers chez les Blancs, and Montherond, plus a Jewish cemetery.",area,648 ares,648.0,,,ares
a270,The prison currently houses only investigative detainees and inmates sentenced to short terms (up to three months).,"In the 15th century, as the bishops moved into the castle (now cantonal government seat), they converted part of the old Évêché into a prison holding criminals of all kinds; today, it houses only investigative detainees and inmates sentenced to short terms (up to three months).",other,up to three months,3.0,,,months
a271,The prison initially had 32 cells for 50–80 inmates.,"Initially with 32 cells for 50–80 inmates, it expanded 1880–83 with the new district court hall and 22 additional cells in the remaining Évêché rooms.",other,32 cells,32.0,,,
a272,The prison initially housed 50–80 inmates.,"Initially with 32 cells for 50–80 inmates, it expanded 1880–83 with the new district court hall and 22 additional cells in the remaining Évêché rooms.",population_count,50–80 inmates,,50.0,80.0,inmates
a273,New district prison with 77 cells,"1901 saw approval of a new district prison with 77 cells under construction in Bois Mermet near La Pontaise, with 518,000 Francs allocated.",other,77 cells,77.0,,,
a274,"518,000 Francs allocated for the prison construction","1901 saw approval of a new district prison with 77 cells under construction in Bois Mermet near La Pontaise, with 518,000 Francs allocated.",other,"518,000 Francs",518000.0,,,Francs
a275,"Cost of the penitentiary building was 348,000 old Francs (512,000 modern Francs)","Due to many difficulties, a new penitentiary was planned since 1806; construction began 1822, with transfer of 82 inmates in 1826 to a building costing 348,000 old Francs (512,000 modern Francs).",other,"348,000 old Francs (512,000 modern Francs)",,,,
a276,"Expenses of the Mission romande were 172,055 Francs in 1902.","The Mission romande for conversion of blacks in Africa, founded 1875 by Vaud Free Church, extended to French Switzerland in 1883, led by free churches of Vaud, Neuchâtel, Geneva, maintains 10 mission stations with 16 missionaries, a missionary and medical school; expenses of 172,055 Francs in 1902.",other,"172,055 Francs",172055.0,,,Francs
a277,The barracks were built with a cost of 1 million Francs.,"The 1 million Franc-built barracks stand in La Pontaise quarter, which owes much of its development to it.",other,1 million Franc,1000000.0,,,Franc
a278,"The barracks accommodate 1,200 men and 32 horses.","Enlarged in 1903, the barracks accommodate 1,200 men and 32 horses, ranking among Switzerland’s largest along with those in Zurich, Bern, and Thun.",population_count,"1,200 men and 32 horses",,,,
a279,"The barracks include about 60 well-appointed, spacious rooms with splendid view.","It includes about 60 well-appointed, spacious rooms with splendid view, dormitories for around 1000 soldiers, hospital with 30 beds, and all necessary outbuildings.",other,about 60 rooms,60.0,,,rooms
a280,The barracks have dormitories for around 1000 soldiers.,"It includes about 60 well-appointed, spacious rooms with splendid view, dormitories for around 1000 soldiers, hospital with 30 beds, and all necessary outbuildings.",population_count,around 1000 soldiers,1000.0,,,soldiers
a281,The barracks have a hospital with 30 beds.,"It includes about 60 well-appointed, spacious rooms with splendid view, dormitories for around 1000 soldiers, hospital with 30 beds, and all necessary outbuildings.",other,30 beds,30.0,,,beds
a282,"The parade ground covers 11,989.91 ares.","The parade ground, spanning municipalities Lausanne, Romanel, and Le Mont, covers 11,989.91 ares and is Switzerland's largest playground dedicated solely to infantry.",area,"11,989.91 ares",11989.91,,,ares
a283,The shooting range is 9 km northeast of Lausanne.,The shooting range is 9 km northeast of Lausanne at Mauverney near Chalet à Gobet.,distance,9 km,9.0,,,km
a284,The hill is a natural stronghold protected by swamp (palus),Some survivors fled upstream along the Flon valley to a hill—a natural stronghold protected by swamp (palus)—where they established a settlement called by the same name.,other,natural stronghold protected by swamp (palus),,,,
