entity_id,name,entity_type
GPE_zurich,Zurich,GPE
ORG_oerlikon,Oerlikon,ORG
GPE_albisrieden,Albisrieden,GPE
PERSON_schlieren,Schlieren,PERSON
GPE_schlieren,Schlieren,GPE
ORG_dietikon,Dietikon,ORG
PERSON_chur,Chur,PERSON
PERSON_arlberg,Arlberg,PERSON
GPE_baden,Baden,GPE
GPE_switzerland,Switzerland,GPE
GPE_basel,Basel,GPE
NORP_affoltern,Affoltern,NORP
PERSON_schaffhausen,Schaffhausen,PERSON
PERSON_romanshorn,Romanshorn,PERSON
GPE_st_gallen,St. Gallen,GPE
PERSON_glatt,Glatt,PERSON
ORG_the_sihl_valley_railway,the Sihl Valley Railway,ORG
LOC_limmat_valley,Limmat Valley,LOC
ORG_weiningen,Weiningen,ORG
ORG_zurich_hoengg,Zurich-Hoengg,ORG
ORG_zurich_oerlikon_seebach,Zurich-Oerlikon-Seebach,ORG
PERSON_uetliberg,Uetliberg,PERSON
GPE_district_zurich,District Zurich,GPE
GPE_canton,Canton,GPE
PERSON_zurichberg,Zurichberg,PERSON
GPE_greenwich,Greenwich,GPE
DATE_1908,1908,DATE
DATE_11½,11½,DATE
ORG_limmat,Limmat,ORG
ORG_hoengg,Hoengg,ORG
PERSON_leimbach,Leimbach,PERSON
PERSON_sihl,Sihl,PERSON
GPE_etlisberg,Etlisberg,GPE
GPE_wollishofen,Wollishofen,GPE
GPE_mönchhof,Mönchhof,GPE
LOC_burghölzli,Burghölzli,LOC
PERSON_realp,Realp,PERSON
PERSON_elefantenbach,Elefantenbach,PERSON
PERSON_loorenkopf,Loorenkopf,PERSON
PERSON_käferberg,Käferberg,PERSON
PERSON_milchbuck,Milchbuck,PERSON
PERSON_hardturm,Hardturm,PERSON
PERSON_hoengger,Hoengger,PERSON
GPE_döltschi,Döltschi,GPE
PERSON_uto,Uto,PERSON
FAC_the_hotel_uetliberg,the Hotel Uetliberg,FAC
GPE_zurichberg,Zurichberg,GPE
DATE_1893,1893,DATE
ORG_wollishofen_enge,"Wollishofen, Enge",ORG
GPE_wiedikon,Wiedikon,GPE
PERSON_aussersihl,Aussersihl,PERSON
PERSON_wipkingen,Wipkingen,PERSON
ORG_unterstrass,Unterstrass,ORG
GPE_hottingen,Hottingen,GPE
GPE_hirslanden,Hirslanden,GPE
PERSON_riesbach,Riesbach,PERSON
DATE_a_mild_summer,a mild summer,DATE
GPE_zurichhorn,Zurichhorn,GPE
PERSON_hornbach,Hornbach,PERSON
PERSON_belvoirpark,Belvoirpark,PERSON
ORG_enge,Enge,ORG
PERSON_hirslanderberg,Hirslanderberg,PERSON
PRODUCT_rigiquartier,Rigiquartier,PRODUCT
GPE_uetliberg,Uetliberg,GPE
PRODUCT_grossmünster,Grossmünster,PRODUCT
ORG_fraumünster,Fraumünster,ORG
NORP_viennese,Viennese,NORP
GPE_tonhalle,Tonhalle,GPE
ORG_the_red_and_white_castles,the Red and White Castles,ORG
PERSON_rentenanstalt,Rentenanstalt,PERSON
PERSON_quaibrücke,Quaibrücke,PERSON
GPE_urania,Urania,GPE
NORP_swiss,Swiss,NORP
PERSON_rhine,Rhine,PERSON
PERSON_zurich,Zurich,PERSON
GPE_italy,Italy,GPE
GPE_germany,Germany,GPE
WORK_OF_ART_spanish_brötli_bahn,Spanish Brötli Bahn,WORK_OF_ART
DATE_today,Today,DATE
PERSON_winterthur,Winterthur,PERSON
ORG_romanshorn_frauenfeld,Romanshorn-Frauenfeld,ORG
ORG_singen_etzwilen,Singen-Etzwilen,ORG
GPE_glarus,Glarus,GPE
GPE_graubünden,Graubünden,GPE
ORG_wädenswil_einsiedeln,Wädenswil-Einsiedeln,ORG
GPE_ricken_toggenburg,Ricken-Toggenburg,GPE
ORG_lucerne_zug,Lucerne-Zug,ORG
ORG_basel_brugg,Basel-Brugg,ORG
ORG_schanzengraben,Schanzengraben,ORG
ORG_limmat_bank,Limmat bank,ORG
ORG_seilergraben_hirschengraben,Seilergraben-Hirschengraben,ORG
GPE_bürkliplatz,Bürkliplatz,GPE
PRODUCT_stadthausplatz,Stadthausplatz,PRODUCT
PERSON_enge,Enge,PERSON
NORP_bahnhofstrasse,Bahnhofstrasse,NORP
ORG_black_forest,Black Forest,ORG
PERSON_zollikon,Zollikon,PERSON
LOC_vrenelisgärtli,Vrenelisgärtli,LOC
PERSON_faulen,Faulen,PERSON
PERSON_drusberg,Drusberg,PERSON
LOC_sihl_valley,Sihl valley,LOC
ORG_bifertenstock_tödi,"Bifertenstock, Tödi",ORG
GPE_klariden,Klariden,GPE
LOC_scheerhorn,Scheerhorn,LOC
GPE_düssistock,Düssistock,GPE
GPE_mythen,Mythen,GPE
FAC_windgällen,Windgällen,FAC
PERSON_kleinen_windgälle,Kleinen Windgälle,PERSON
GPE_kaiserstock,Kaiserstock,GPE
PERSON_rossberg,Rossberg,PERSON
GPE_bristenstock,Bristenstock,GPE
ORG_urnäsch_urirotstock,Urnäsch (Urirotstock,ORG
PERSON_schlossstock,Schlossstock,PERSON
ORG_wissig,Wissig,ORG
PERSON_hohen_ronen,Hohen Ronen,PERSON
GPE_gottschalkenberg,Gottschalkenberg,GPE
ORG_albis,Albis,ORG
GPE_zimmerberg,Zimmerberg,GPE
GPE_hütten,Hütten,GPE
GPE_schindellegi,Schindellegi,GPE
DATE_1885,1885,DATE
GPE_zwingli,Zwingli,GPE
FAC_wasserkirche,Wasserkirche,FAC
PERSON_helmhaus,Helmhaus,PERSON
PERSON_grossmünster,Grossmünster,PERSON
ORG_gothic,Gothic,ORG
DATE_1519_1531,1519–1531,DATE
NORP_romanesque,Romanesque,NORP
DATE_1078,1078,DATE
PERSON_charlemagne,Charlemagne,PERSON
PERSON_limmatquai,Limmatquai,PERSON
DATE_1502,1502,DATE
DATE_1504,1504,DATE
DATE_1694,1694,DATE
NORP_german,German,NORP
PERSON_gottfried_keller,Gottfried Keller,PERSON
ORG_zurich_utoquai,Zurich: Utoquai,ORG
ORG_meyer_von_knonau,Meyer von Knonau,ORG
DATE_1846,1846,DATE
PRODUCT_gemüsebrücke,Gemüsebrücke,PRODUCT
ORG_the_green_hill,the green hill,ORG
WORK_OF_ART_lindenhof,Lindenhof,WORK_OF_ART
PERSON_freemason,Freemason,PERSON
ORG_st_peter_s_church,St. Peter's Church,ORG
PERSON_schipfe,Schipfe,PERSON
GPE_wühre,Wühre,GPE
NORP_baroque,Baroque,NORP
PERSON_ludwig,Ludwig,PERSON
PERSON_hans_waldmann_s,Hans Waldmann's,PERSON
GPE_molasse,molasse,GPE
PRODUCT_bäch,Bäch,PRODUCT
ORG_bollingen,Bollingen,ORG
NORP_melancholic,melancholic,NORP
PRODUCT_prediger,Prediger,PRODUCT
ORG_the_roman_catholic_liebfrauenkirche,the Roman Catholic Liebfrauenkirche,ORG
PRODUCT_münsterbrücke,Münsterbrücke,PRODUCT
DATE_1838,1838,DATE
ORG_wallenstadtsee,Wallenstadtsee,ORG
ORG_mellingen,Mellingen,ORG
PERSON_negrelli,Negrelli,PERSON
PERSON_konrad_stadler,Konrad Stadler,PERSON
PERSON_lower_limmatquai,Lower Limmatquai,PERSON
ORG_fleischhalle,Fleischhalle,ORG
PERSON_gemüsebrücke,Gemüsebrücke,PERSON
GPE_marktgasse,Marktgasse,GPE
GPE_schmieden,Schmieden,GPE
GPE_stüssihofstatt,Stüssihofstatt,GPE
PERSON_knight_stüssi,Knight Stüssi,PERSON
ORG_niederdorf,Niederdorf,ORG
PERSON_leonhardplatz,Leonhardplatz,PERSON
ORG_northeastern_railway_company,Northeastern Railway Company,ORG
ORG_the_swiss_national_museum,the Swiss National Museum,ORG
PERSON_ferdinand_keller_s,Ferdinand Keller's,PERSON
PERSON_hodler,Hodler,PERSON
ORG_marignano,Marignano,ORG
PERSON_abbey_zurich,Abbey Zurich,PERSON
DATE_1489,1489,DATE
DATE_1507,1507,DATE
ORG_the_national_museum,The National Museum,ORG
DATE_1891,1891,DATE
ORG_confederation,Confederation,ORG
DATE_june_25_1898,"June 25, 1898",DATE
ORG_the_minnesinger_hadlaub,the Minnesinger Hadlaub,ORG
PERSON_gessner,Gessner,PERSON
PERSON_wilhelm_baumgartner,Wilhelm Baumgartner,PERSON
PERSON_gottfried_keller_s,Gottfried Keller’s,PERSON
PERSON_alfred_escher,Alfred Escher,PERSON
PERSON_richard_kisling,Richard Kisling,PERSON
DATE_1889,1889,DATE
GPE_paradeplatz,Paradeplatz,GPE
PERSON_oetenbach,Oetenbach,PERSON
GPE_uraniastrasse,Uraniastrasse,GPE
GPE_lindenhof,Lindenhof,GPE
GPE_strohhof,Strohhof,GPE
GPE_st_anna,St. Anna,GPE
PERSON_katz,Katz,PERSON
NORP_french,French,NORP
PERSON_pestalozzi,Pestalozzi,PERSON
GPE_kappelerhof,Kappelerhof,GPE
ORG_swiss_bank_association,Swiss Bank Association,ORG
ORG_swiss_credit_institution,Swiss Credit Institution,ORG
ORG_bank_leu,Bank Leu,ORG
ORG_zurich_cantonal_bank,Zurich Cantonal Bank,ORG
ORG_swiss_people_s_bank_on_bahnhofstrasse,Swiss People's Bank on Bahnhofstrasse,ORG
ORG_the_swiss_bank_association,the Swiss Bank Association,ORG
NORP_augustinergasse,Augustinergasse,NORP
PERSON_alpenquai,Alpenquai,PERSON
DATE_1881,1881,DATE
DATE_1887,1887,DATE
NORP_linth,Linth,NORP
PERSON_walensee,Walensee,PERSON
PERSON_speer,Speer,PERSON
GPE_jurassic,Jurassic,GPE
ORG_glärnisch,Glärnisch,ORG
GPE_quay,quay,GPE
PERSON_a_bürkli,A. Bürkli,PERSON
PERSON_albert_heim,Albert Heim,PERSON
FAC_the_zurich_trocadero,the Zurich Trocadero,FAC
PERSON_fellner,Fellner,PERSON
DATE_1895,1895,DATE
PERSON_palais_henneberg,Palais Henneberg,PERSON
PERSON_savonnières,Savonnières,PERSON
ORG_gotthard,Gotthard,ORG
PERSON_lydia_welti_escher,Lydia Welti-Escher,PERSON
GPE_belvoirpark,Belvoirpark,GPE
PERSON_waffenplatzstrasse,Waffenplatzstrasse,PERSON
PERSON_albiskette,Albiskette,PERSON
PERSON_albisgütli,Albisgütli,PERSON
NORP_theresienwiese,Theresienwiese,NORP
FAC_the_munich_oktoberfest,the Munich Oktoberfest,FAC
PRODUCT_sihlhölzli,Sihlhölzli,PRODUCT
PERSON_wiedikon,Wiedikon,PERSON
GPE_badenerstrasse,Badenerstrasse,GPE
GPE_st_jakob_s,St. Jakob's,GPE
DATE_1901,1901,DATE
GPE_langstrasse,Langstrasse,GPE
DATE_sundays,Sundays,DATE
PERSON_limmatplatz,Limmatplatz,PERSON
ORG_sihl_bank,Sihl bank,ORG
PERSON_sihlquai,Sihlquai,PERSON
ORG_escher_wyss_co,Escher-Wyss & Co.,ORG
ORG_steinfels,Steinfels,ORG
GPE_letten,Letten,GPE
PERSON_wipkinger_bridge,Wipkinger bridge,PERSON
GPE_hoengg,Hoengg,GPE
GPE_käferberg,Käferberg,GPE
GPE_wipkingen,Wipkingen,GPE
PERSON_röschibachstrasse,Röschibachstrasse,PERSON
ORG_nordstrasse,Nordstrasse,ORG
ORG_rotbuchstrasse,Rotbuchstrasse,ORG
GPE_rötel,Rötel,GPE
PERSON_weinbergstrasse,Weinbergstrasse,PERSON
PERSON_leonhardsplatz,Leonhardsplatz,PERSON
PERSON_bahnhofbrücke,Bahnhofbrücke,PERSON
ORG_riedlistrasse,Riedlistrasse,ORG
DATE_rigi_quarter,Rigi quarter,DATE
ORG_höhenstrasse,Höhenstrasse,ORG
ORG_the_swiss_federal_polytechnic_school,the Swiss Federal Polytechnic School,ORG
DATE_1855,1855,DATE
PERSON_gottfried_semper,Gottfried Semper,PERSON
DATE_1864,1864,DATE
PERSON_graf,Graf,PERSON
PERSON_kappeler,Kappeler,PERSON
ORG_hörbst,Hörbst,ORG
PERSON_kopp,Kopp,PERSON
GPE_bolley,Bolley,GPE
ORG_semper_and_culmann_richard_kisling,Semper and Culmann (Richard Kisling,ORG
PERSON_sgraffito,sgraffito,PERSON
ORG_university,University,ORG
DATE_1886,1886,DATE
DATE_1890,1890,DATE
DATE_1832,1832,DATE
DATE_spring_1909,spring 1909,DATE
ORG_rämistrasse,Rämistrasse,ORG
DATE_1839_42,1839–42,DATE
PERSON_wegmann,Wegmann,PERSON
GPE_wolfbach,Wolfbach,GPE
GPE_florhofgasse,Florhofgasse,GPE
PERSON_hirschengraben,Hirschengraben,PERSON
GPE_rechberg,Rechberg,GPE
ORG_badenerstrasse,Badenerstrasse,ORG
DATE_1821,1821,DATE
PERSON_alexander_koch,Alexander Koch,PERSON
DATE_almost_every_year,almost every year,DATE
DATE_1889_1902,1889-1902,DATE
PERSON_770_fr,770 Fr,PERSON
PERSON_25_73_fr,25.73 Fr,PERSON
GPE_bergstrasse,Bergstrasse,GPE
ORG_the_dolder_forest_house,the Dolder Forest House,ORG
ORG_dolderpark,Dolderpark,ORG
ORG_kreuzkirche,Kreuzkirche,ORG
PERSON_römerhof,Römerhof,PERSON
ORG_st_antonius,St. Antonius,ORG
ORG_hottingen,Hottingen,ORG
ORG_kreuzplatz_bahnhof_stadelhofen,Kreuzplatz-Bahnhof Stadelhofen,ORG
ORG_the_high_promenade,the High Promenade,ORG
NORP_english,English,NORP
ORG_fellner,Fellner,ORG
PERSON_helmer,Helmer,PERSON
GPE_vienna,Vienna,GPE
DATE_autumn_1891,autumn 1891,DATE
LOC_untern_zäune,Untern Zäune,LOC
DATE_january_1_2,"January 1/2,",DATE
ORG_the_corso_theater,the Corso Theater,ORG
DATE_1900,1900,DATE
FAC_tonhalle_square,Tonhalle square,FAC
PERSON_heimplatz,Heimplatz,PERSON
ORG_pfauen_theater,Pfauen Theater,ORG
PERSON_ignaz_heim,Ignaz Heim,PERSON
DATE_years,years,DATE
PERSON_obmann,Obmann,PERSON
ORG_barefoot,Barefoot,ORG
DATE_1836,1836,DATE
WORK_OF_ART_bollwerk_zur_katze,Bollwerk zur Katze,WORK_OF_ART
GPE_schanzengraben,Schanzengraben,GPE
PERSON_alpinum,Alpinum,PERSON
ORG_helveticum,Helveticum,ORG
PERSON_hegetschweiler,Hegetschweiler,PERSON
PERSON_heinrich_zollinger,Heinrich Zollinger,PERSON
PERSON_oswald_heer,Oswald Heer,PERSON
PERSON_konrad_gessner,Konrad Gessner,PERSON
GPE_selnau,Selnau,GPE
GPE_sihl_valley_railway,Sihl valley railway,GPE
ORG_saint_jakob_s,Saint Jakob's,ORG
PERSON_peter,Peter,PERSON
ORG_zäune_neumarkt_rindermarkt,Zäune-Neumarkt-Rindermarkt,ORG
PERSON_windegg,Windegg,PERSON
PERSON_kerze,Kerze,PERSON
PERSON_zum_loch,zum Loch,PERSON
PERSON_zum_pflug,zum Pflug,PERSON
GPE_königsstuhl,Königsstuhl,GPE
GPE_kropf,Kropf,GPE
GPE_wellenbaum,Wellenbaum,GPE
GPE_einhorn,Einhorn,GPE
PERSON_zum_steinernen,zum steinernen,PERSON
PRODUCT_erggel,Erggel,PRODUCT
PERSON_das_gut,das Gut,PERSON
PERSON_zum_rechberg,zum Rechberg,PERSON
PERSON_beckenhof,Beckenhof,PERSON
PERSON_strohhof,Strohhof,PERSON
GPE_friesenberg,Friesenberg,GPE
GPE_kirchgasse,Kirchgasse,GPE
GPE_schipfe,Schipfe,GPE
PERSON_zäune,Zäune,PERSON
ORG_augustinergasse,Augustinergasse,ORG
ORG_unicorn,Unicorn,ORG
GPE_saffran,Saffran,GPE
ORG_dielsdorf_lägern,Dielsdorf Lägern,ORG
PRODUCT_solothurn,Solothurn,PRODUCT
ORG_albthal,Albthal,ORG
PERSON_ticino,Ticino,PERSON
GPE_baveno,Baveno,GPE
FAC_lake_langensee,Lake Langensee,FAC
GPE_france,France,GPE
ORG_wasserkirche,Wasserkirche,ORG
DATE_the_12th_and_13th_centuries,the 12th and 13th centuries,DATE
ORG_stone,Stone,ORG
DATE_1313,1313,DATE
PERSON_meyer_von_knonau,Meyer von Knonau,PERSON
PERSON_der_kanton_zürich,Der Kanton Zürich,PERSON
DATE_1844,1844,DATE
PERSON_zwingli,Zwingli,PERSON
ORG_rüdenplatz,Rüdenplatz,ORG
ORG_escher_von_der_linth,Escher von der Linth,ORG
ORG_sihlstrasse,Sihlstrasse,ORG
PERSON_imfeld,Imfeld,PERSON
PERSON_alb,Alb,PERSON
ORG_stadthausplatz_bürkliplatz,Stadthausplatz (Bürkliplatz,ORG
LOC_enge,Enge,LOC
PERSON_panorama,Panorama,PERSON
DATE_1907,1907,DATE
DATE_1905,1905,DATE
ORG_lasius,Lasius,ORG
GPE_st_verena,St. Verena,GPE
PERSON_leo,Leo,PERSON
DATE_1897,1897,DATE
PERSON_künzli,Künzli,PERSON
DATE_1898,1898,DATE
PERSON_h_guide,H. Guide,PERSON
ORG_the_university_of_zurich,the University of Zurich,ORG
PERSON_bauschänzli,Bauschänzli,PERSON
NORP_catholics,Catholics,NORP
NORP_italian,Italian,NORP
DATE_1899_1900,1899/1900,DATE
DATE_1902,1902,DATE
DATE_the_end_of_1906,the end of 1906,DATE
DATE_the_winter_months,the winter months,DATE
DATE_1913,1913,DATE
DATE_between_1898_and_1903,between 1898 and 1903,DATE
DATE_1899,1899,DATE
DATE_1906_25_23,1906 25.23‰,DATE
DATE_mid_year,mid-year,DATE
GPE_stadthausquai,Stadthausquai,GPE
DATE_one_year,one year,DATE
DATE_the_normal_year_1906,the normal year 1906,DATE
DATE_annual,annual,DATE
DATE_the_beginning_of_april_or_october,the beginning of April or October,DATE
GPE_cologne,Cologne,GPE
GPE_dresden,Dresden,GPE
GPE_nuremberg,Nuremberg,GPE
DATE_1906,1906,DATE
DATE_more_than_two_months,more than two months,DATE
DATE_the_year_1908,The year 1908,DATE
NORP_italians,Italians,NORP
DATE_the_previous_year,the previous year,DATE
PERSON_german_reich,German Reich,PERSON
DATE_recent_years,recent years,DATE
NORP_germans,Germans,NORP
GPE_austria,Austria,GPE
GPE_russia,Russia,GPE
NORP_gemüsemarkt,Gemüsemarkt,NORP
GPE_st_peter_s_church,St. Peter's Church,GPE
DATE_june_1906,June 1906,DATE
DATE_1833,1833,DATE
DATE_1770,1770,DATE
DATE_around_1900,Around 1900,DATE
DATE_1809,1809,DATE
PERSON_wolff,Wolff,PERSON
PERSON_h_zurich_s,H. Zurich's,PERSON
GPE_zurich_6_1906,"Zurich 6, 1906",GPE
DATE_10_1908,"10, 1908",DATE
PERSON_h_lecture,H. Lecture,PERSON
ORG_the_statistical_and_economic_society,the Statistical and Economic Society,ORG
DATE_january_1908,January 1908,DATE
PERSON_hygienic_conditions,Hygienic Conditions,PERSON
DATE_1344,1344,DATE
PERSON_zum_schwert,zum Schwert,PERSON
DATE_1553,1553,DATE
DATE_1556,1556,DATE
PERSON_platzspitz,Platzspitz,PERSON
DATE_1404,1404,DATE
DATE_1512,1512,DATE
GPE_weinplatz,Weinplatz,GPE
PERSON_kornhausplatz,Kornhausplatz,PERSON
DATE_1580,1580,DATE
DATE_1585,1585,DATE
DATE_1740,1740,DATE
DATE_1814,1814,DATE
DATE_july_8_1817,"July 8, 1817",DATE
DATE_january_29_1854,"January 29, 1854",DATE
DATE_february_25_1882,"February 25, 1882",DATE
DATE_february_25_1891,"February 25, 1891",DATE
DATE_march_1909,March 1909,DATE
ORG_limmat_and_schanzengraben,Limmat and Schanzengraben,ORG
DATE_june_15_1876,"June 15, 1876",DATE
LOC_lake_area,Lake area,LOC
PERSON_km²,km²,PERSON
DATE_annually,annually,DATE
DATE_bad_summer,(bad summer,DATE
DATE_1906_343_816,"1906 343,816",DATE
DATE_winter,winter,DATE
ORG_bürkliplatz_for_air_baths,Bürkliplatz for air baths,ORG
NORP_roman,Roman,NORP
PERSON_geissberg,Geissberg,PERSON
PERSON_sihlhölzli,Sihlhölzli,PERSON
LOC_stadelhoferplatz,Stadelhoferplatz,LOC
PERSON_rudolf_koller,Rudolf Koller,PERSON
DATE_may_24_1908,"May 24, 1908",DATE
ORG_limmatplatz_rotwand,"Limmatplatz, Rotwand",ORG
PERSON_dolder,Dolder,PERSON
ORG_the_beautification_association_of_zurich,the Beautification Association of Zurich,ORG
ORG_surroundings,Surroundings,ORG
DATE_the_early_1870s,the early 1870s,DATE
NORP_manessebrünneli,Manessebrünneli,NORP
PERSON_grandmother_beech,Grandmother Beech,PERSON
PERSON_battle_memorial,Battle Memorial,PERSON
DATE_1799,1799,DATE
GPE_sagentobel,Sagentobel,GPE
PERSON_stöckentobel,Stöckentobel,PERSON
PERSON_weidberg,Weidberg,PERSON
ORG_the_black_forest,the Black Forest,ORG
LOC_vosges,Vosges,LOC
PERSON_jura,Jura,PERSON
ORG_hegau,Hegau,ORG
ORG_hoherstoffel_and_hohentwiel,Hoherstoffel and Hohentwiel,ORG
LOC_alps,Alps,LOC
GPE_säntis,Säntis,GPE
PERSON_spelterini,Spelterini,PERSON
DATE_sunday,Sunday,DATE
PERSON_sihlwald,Sihlwald,PERSON
DATE_summer,summer,DATE
PERSON_hose,hose,PERSON
GPE_hardhüsligut,Hardhüsligut,GPE
ORG_house,House,ORG
PERSON_zum_rüden,zum Rüden,PERSON
DATE_1909,1909,DATE
DATE_daily,daily,DATE
DATE_40,40,DATE
DATE_the_year,the year,DATE
DATE_weekly,weekly,DATE
DATE_tuesdays,Tuesdays,DATE
DATE_fridays,Fridays,DATE
DATE_these_days,these days,DATE
NORP_petersstrasse,Petersstrasse,NORP
GPE_sihlhofstrasse,Sihlhofstrasse,GPE
GPE_usteristrasse,Usteristrasse,GPE
GPE_schweizergasse,Schweizergasse,GPE
ORG_lintheschergasse,Lintheschergasse,ORG
NORP_schützengasse,Schützengasse,NORP
PERSON_rathausquai,Rathausquai,PERSON
PERSON_rathausbrücke_hirschengraben,"Rathausbrücke, Hirschengraben",PERSON
GPE_stauffacherstrasse,Stauffacherstrasse,GPE
DATE_autumn,autumn,DATE
DATE_mid_september,mid-September,DATE
DATE_mid_november,mid-November,DATE
DATE_16_to_48_fr,16 to 48 Fr,DATE
PERSON_fr,Fr,PERSON
GPE_bülach,Bülach,GPE
GPE_dielsdorf,Dielsdorf,GPE
ORG_horgen,Horgen,ORG
NORP_aargau,Aargau,NORP
PERSON_zug,Zug,PERSON
GPE_alsace,Alsace,GPE
PRODUCT_rafzerfeld,Rafzerfeld,PRODUCT
DATE_around_christmas,Around Christmas,DATE
DATE_christmas,Christmas,DATE
DATE_the_end_of_1907,the end of 1907,DATE
ORG_zeughausstrasse_10,Zeughausstrasse 10,ORG
DATE_45,45,DATE
ORG_konradstrasse_11,Konradstrasse 11,ORG
DATE_46,46,DATE
GPE_zwinglistrasse,Zwinglistrasse,GPE
DATE_34,34,DATE
ORG_langstrasse_28,Langstrasse 28,ORG
ORG_the_women_s_association_for_temperance_and_public_welfare,the Women’s Association for Temperance and Public Welfare,ORG
DATE_12_years_ago,12 years ago,DATE
WORK_OF_ART_zurichberg,Zurichberg,WORK_OF_ART
PERSON_zum_blauen,zum blauen,PERSON
ORG_seidenhof,Seidenhof,ORG
PERSON_zum_olivenbaum,zum Olivenbaum,PERSON
PERSON_karl_dem_grossen,Karl dem Grossen,PERSON
GPE_küchlifahrt,Küchlifahrt,GPE
NORP_nidelbad,Nidelbad,NORP
ORG_waid,Waid,ORG
DATE_1430,1430,DATE
DATE_the_middle_of_the_19th_century,the middle of the 19th century,DATE
PERSON_maß,Maß,PERSON
PERSON_g_meyer_von_knonau,G. Meyer von Knonau,PERSON
DATE_1860,1860,DATE
DATE_1867,1867,DATE
PERSON_bürkli,Bürkli,PERSON
ORG_mühlesteg,Mühlesteg,ORG
DATE_1868,1868,DATE
GPE_polytechnic,Polytechnic,GPE
GPE_schmelzberg,Schmelzberg,GPE
PERSON_bauschanze,Bauschanze,PERSON
DATE_1872,1872,DATE
ORG_platzspitz,Platzspitz,ORG
DATE_1870,1870,DATE
DATE_1875,1875,DATE
ORG_letten,Letten,ORG
ORG_drahtschmidli,Drahtschmidli,ORG
DATE_1879,1879,DATE
NORP_polytechnic,Polytechnic,NORP
PERSON_langensteinen,Langensteinen,PERSON
DATE_1884,1884,DATE
PERSON_k_zehnder,K. Zehnder,PERSON
PERSON_h_v_wyss,H. v. Wyss,PERSON
PERSON_cramer,Cramer,PERSON
PERSON_heim,Heim,PERSON
ORG_schanzengraben_sihl,Schanzengraben-Sihl,ORG
PERSON_letten,Letten,PERSON
GPE_neumünster,Neumünster,GPE
PERSON_lorze,Lorze,PERSON
ORG_the_church_of_enge,The Church of Enge,ORG
DATE_the_1st_ice_age,the 1st ice age,DATE
FAC_sihlsprung_menzingen,Sihlsprung-Menzingen,FAC
ORG_nagelfluh,Nagelfluh,ORG
PRODUCT_maxima,maxima,PRODUCT
ORG_minima_fluctuate,minima fluctuate,ORG
PERSON_sihlbrugg,Sihlbrugg,PERSON
GPE_albisgütli,Albisgütli,GPE
FAC_the_sihl_lorze,the Sihl-Lorze,FAC
DATE_january,January,DATE
DATE_september,September,DATE
DATE_december_4,December 4,DATE
DATE_november_25_1902,"November 25, 1902",DATE
DATE_the_next_few_years,the next few years,DATE
DATE_october_1_1906,"October 1, 1906",DATE
DATE_september_30_1907,"September 30, 1907",DATE
ORG_chf,CHF,ORG
ORG_cholera,Cholera,ORG
WORK_OF_ART_fund_for_assistance_in_cholera_epidemics,Fund for Assistance in Cholera Epidemics,WORK_OF_ART
PERSON_typhus,Typhus,PERSON
DATE_previous_years,previous years,DATE
DATE_1904,1904,DATE
DATE_1903,1903,DATE
FAC_canton_zurich,Canton Zurich,FAC
DATE_year_1907,year 1907,DATE
PERSON_sihlfeld,Sihlfeld,PERSON
PERSON_manegg,Manegg,PERSON
ORG_wollishofen,Wollishofen,ORG
GPE_oberstrass,Oberstrass,GPE
PERSON_enzenbühl,Enzenbühl,PERSON
ORG_neumünster,Neumünster,ORG
ORG_allmend_muntern,Allmend Muntern,ORG
NORP_neumünster,Neumünster,NORP
DATE_1_1844,"1, 1844",DATE
ORG_heim,Heim,ORG
PERSON_näf_hatt,Näf-Hatt,PERSON
ORG_zurichberg_adlisberg,Zurichberg-Adlisberg,ORG
GPE_surroundings,Surroundings,GPE
ORG_alb,Alb,ORG
PERSON_bosshard,Bosshard,PERSON
PERSON_x_imfeld,X. Imfeld,PERSON
ORG_wagner,Wagner,ORG
ORG_albiskette,Albiskette,ORG
PERSON_escher_von_der_linth,Escher von der Linth,PERSON
PERSON_arnold,Arnold,PERSON
EVENT_new_year_s,New Year’s,EVENT
DATE_1871,1871,DATE
ORG_the_german_association_of_gas_and_water_specialists,the German Association of Gas and Water Specialists,ORG
ORG_weiss,Weiss,ORG
PERSON_a_gasworks,A. Gasworks,PERSON
ORG_wenner,Wenner,ORG
PERSON_v_sewerage,V. Sewerage,PERSON
ORG_usteri,Usteri,ORG
ORG_e_hospitals,E. Hospitals,ORG
ORG_sihl_and,Sihl and,ORG
PERSON_frau_s,Frau S.,PERSON
PERSON_3rd_ed,3rd ed.,PERSON
ORG_the_cantonal_council_and_government_council_zurich,the Cantonal Council and Government Council Zurich,ORG
DATE_february_1909,February 1909,DATE
PERSON_erismann,Erismann,PERSON
ORG_trade_and_industry,Trade and Industry,ORG
GPE_zurich_city,Zurich city,GPE
ORG_wiedikon_enge,"Wiedikon, Enge",ORG
PERSON_wollishofen,Wollishofen,PERSON
GPE_stadelhofen,Stadelhofen,GPE
GPE_tiefenbrunnen,Tiefenbrunnen,GPE
ORG_selnau,Selnau,ORG
PERSON_binz,Binz,PERSON
PERSON_waldegg,Waldegg,PERSON
FAC_giesshübel_brunau_manegg_sod_adliswil,Giesshübel-Brunau-Manegg-Sod-Adliswil,FAC
ORG_sihlbrugg,Sihlbrugg,ORG
PRODUCT_thalwil_zug,Thalwil-Zug,PRODUCT
DATE_august_9_1847,"August 9, 1847",DATE
DATE_may_16_1855,"May 16, 1855",DATE
DATE_august_1_1856,"August 1, 1856",DATE
DATE_june_1_1864,"June 1, 1864",DATE
GPE_lake_zurich,Lake Zurich,GPE
DATE_may_19_1835,"May 19, 1835",DATE
ORG_maur,Maur,ORG
PERSON_zumikon,Zumikon,PERSON
ORG_swiss_national_museum,Swiss National Museum,ORG
DATE_september_24_1882,"September 24, 1882",DATE
DATE_a_decade_later,a decade later,DATE
ORG_burgwies,Burgwies,ORG
PERSON_giesshübel,Giesshübel,PERSON
ORG_the_limmat_valley,the Limmat Valley,ORG
GPE_marienstrasse,Marienstrasse,GPE
PERSON_mutschellen,Mutschellen,PERSON
ORG_leonhardsplatz,Leonhardsplatz,ORG
ORG_oerlikon_seebach_glattbrugg,Oerlikon-Seebach-Glattbrugg,ORG
ORG_schwamendingen,Schwamendingen,ORG
NORP_rigiplatz,Rigiplatz,NORP
ORG_rigiviertel,Rigiviertel,ORG
GPE_leonhardsplatz,Leonhardsplatz,GPE
ORG_römerhof,Römerhof,ORG
PERSON_waldhaus_dolder,Waldhaus Dolder,PERSON
FAC_the_grand_hotel_dolder,the Grand Hotel Dolder,FAC
ORG_the_traffic_association,the traffic association,ORG
PERSON_klosbach,Klosbach,PERSON
PERSON_lindenbach,Lindenbach,PERSON
GPE_district_4,District 4,GPE
DATE_1856,1856,DATE
DATE_december_1908,December 1908,DATE
ORG_adliswil_oerlikon,"Adliswil, Oerlikon",ORG
GPE_kilchberg,Kilchberg,GPE
ORG_albisrieden_altstetten,Albisrieden-Altstetten,ORG
GPE_city,City,GPE
DATE_30_november_1907,30 November 1907,DATE
ORG_intellectual_life_associations,Intellectual Life — Associations,ORG
DATE_saturday,Saturday,DATE
DATE_election_day,election day,DATE
ORG_contra,contra,ORG
DATE_53_weekly,53 weekly,DATE
DATE_monthly,monthly,DATE
DATE_1666,1666,DATE
DATE_friday_weekly,Friday weekly,DATE
PERSON_zürcher_freitagszeitung,Zürcher Freitagszeitung,PERSON
DATE_1673,1673,DATE
ORG_the_zürcher_zeitung,The Zürcher Zeitung,ORG
DATE_january_12_1780,"January 12, 1780",DATE
ORG_neue_zürcher_zeitung,Neue Zürcher Zeitung,ORG
DATE_1843,1843,DATE
DATE_several_years,several years,DATE
DATE_1801,1801,DATE
GPE_helvetic,Helvetic,GPE
PERSON_max_uebelhör,Max Uebelhör,PERSON
PERSON_zur_geschichte,Zur Geschichte,PERSON
PERSON_neuen_zürcher_zeitung,Neuen Zürcher Zeitung,PERSON
ORG_n_z_z,N.Z.Z.,ORG
DATE_march_31_1908,"March 31, 1908",DATE
DATE_1837,1837,DATE
ORG_zürcher_post,Zürcher Post,ORG
PERSON_grütlianer,Grütlianer,PERSON
ORG_volksrecht,Volksrecht,ORG
PERSON_neue_zürcher_nachrichten,Neue Zürcher Nachrichten,PERSON
GPE_sechseläuten,Sechseläuten,GPE
DATE_1874,1874,DATE
DATE_jubilee_1908,jubilee 1908,DATE
ORG_the_city_theatre,The City Theatre,ORG
ORG_the_associations_and_societies,The “Associations and Societies,ORG
ORG_predigerkirche,Predigerkirche,ORG
ORG_helmhaus,Helmhaus,ORG
ORG_the_museum_of_applied_arts,the Museum of Applied Arts,ORG
ORG_national_museum,National Museum,ORG
ORG_the_federal_polytechnic_school,the federal polytechnic school,ORG
PERSON_johann_gessner,Johann Gessner,PERSON
DATE_1747,1747,DATE
GPE_pestalozzianum,Pestalozzianum,GPE
ORG_the_museum,"the ""Museum",ORG
DATE_1834,1834,DATE
PERSON_alpine_club,Alpine Club,PERSON
ORG_seilergraben,Seilergraben,ORG
ORG_museum_of_applied_arts,Museum of Applied Arts,ORG
PERSON_a_lang,A. Lang,PERSON
NORP_d,D.,NORP
PERSON_grubenmann,Grubenmann,PERSON
ORG_mayer_eymar,Mayer-Eymar,ORG
PERSON_santiago_roth_s,Santiago Roth's,PERSON
NORP_pampas,Pampas,NORP
ORG_niederweningen,Niederweningen,ORG
PERSON_c_keller,C. Keller,PERSON
PERSON_c_schröter,C. Schröter,PERSON
ORG_becker,Becker,ORG
PERSON_simon,Simon,PERSON
GPE_imfeld,Imfeld,GPE
GPE_heim,Heim,GPE
ORG_nageli_museum,Nageli Museum,ORG
ORG_heimplatz,Heimplatz,ORG
GPE_künstlergütli,Künstlergütli,GPE
ORG_the_zurich_art_society,the Zurich Art Society,ORG
PERSON_arnold_böcklin,Arnold Böcklin,PERSON
PERSON_künstlerhaus,Künstlerhaus,PERSON
PERSON_alfred_reucker_s,Alfred Reucker's,PERSON
PERSON_lothar_kempter,Lothar Kempter,PERSON
PERSON_friedrich_hegar,Friedrich Hegar,PERSON
PERSON_brahms,Brahms,PERSON
PERSON_richard_strauss,Richard Strauss,PERSON
ORG_baumgartner,Baumgartner,ORG
PERSON_gustav_weber,Gustav Weber,PERSON
PERSON_karl_attenhofer,Karl Attenhofer,PERSON
PERSON_gottfried_angerer,Gottfried Angerer,PERSON
PERSON_volkmar_andreae,Volkmar Andreae,PERSON
ORG_the_central_theater_on_weinbergstrasse,the Central Theater on Weinbergstrasse,ORG
PERSON_harmonie,Harmonie,PERSON
ORG_bonaduz,Bonaduz,ORG
DATE_may,May,DATE
GPE_messina,Messina,GPE
ORG_the_natural_science_society,the Natural Science Society,ORG
PERSON_kempter,Kempter,PERSON
ORG_the_polytechnic_academy,the polytechnic academy,ORG
PERSON_leo_wehrli,Leo Wehrli,PERSON
ORG_church_system,Church System,ORG
ORG_grossmünster_fraumünster,"Grossmünster, Fraumünster",ORG
GPE_st_peter,St. Peter,GPE
NORP_predigern,Predigern,NORP
PERSON_unterstrass,Unterstrass,PERSON
NORP_catholic,Catholic,NORP
NORP_evangelical,Evangelical,NORP
NORP_roman_catholic,Roman Catholic,NORP
PERSON_st_peter,St. Peter,PERSON
PERSON_paul,Paul,PERSON
ORG_unterstrass_zurich,Unterstrass-Zurich,ORG
ORG_methodist,Methodist,ORG
NORP_israelite,Israelite,NORP
ORG_organization_of_administration,Organization of Administration,ORG
DATE_20_days,20 days,DATE
DATE_three_years,three years,DATE
ORG_financial_budget,Financial Budget,ORG
ORG_zwingli_monument,Zwingli Monument,ORG
ORG_the_foundation_of_the_municipal_usufruct_fund,the “Foundation of the municipal usufruct fund,ORG
ORG_sihlwald,Sihlwald,ORG
ORG_health_care,Health Care,ORG
DATE_april_1907,April 1907,DATE
FAC_the_zurich_children_s_hospital,the Zurich Children's Hospital,FAC
ORG_the_red_cross_sisters,the Red Cross Sisters’,ORG
ORG_the_nursing_asylum_and_diaconesses_institute_neumünster,the Nursing Asylum and Diaconesses’ Institute Neumünster,ORG
GPE_theodosianum,Theodosianum,GPE
ORG_the_swiss_institute,the Swiss institute,ORG
DATE_the_year_1893,the year 1893,DATE
DATE_the_individual_quarters,the individual quarters,DATE
ORG_neumünster_unterstrass,"Neumünster, Unterstrass",ORG
ORG_women_s_association,Women's Association,ORG
ORG_the_zurich_child_protection_association,the Zurich Child Protection Association,ORG
ORG_the_salvation_army,the Salvation Army,ORG
ORG_social_political_institutions,Social-Political Institutions,ORG
DATE_1906_1907,1906/1907,DATE
DATE_april_21_1907,"April 21, 1907",DATE
DATE_at_least_four_days,at least four days,DATE
PERSON_e_grossmann,E. Grossmann,PERSON
PERSON_neolithic,Neolithic,PERSON
ORG_stone_age,Stone Age,ORG
PERSON_hafner,Hafner,PERSON
ORG_bauschanze,Bauschanze,ORG
ORG_the_2nd_iron_age_la_tène,the 2nd Iron Age (La Tène,ORG
GPE_enge,Enge,GPE
GPE_entibühl,Entibühl,GPE
PERSON_rebhügel,Rebhügel,PERSON
ORG_wiedikon,Wiedikon,ORG
ORG_bäckerstrasse,Bäckerstrasse,ORG
GPE_zurich_iii,Zurich III,GPE
PERSON_altstetten,Altstetten,PERSON
DATE_the_7th_century,the 7th century,DATE
ORG_bc,BC,ORG
GPE_potin,potin,GPE
NORP_helvetians,Helvetians,NORP
ORG_d_s_p,D.S.P.,ORG
ORG_mommsen_as_doliare_stationis_publicae_bricks_of_the_public_customs_office,Mommsen as Doliare Stationis Publicae (Bricks of the public customs office,ORG
PERSON_roman_turicum,Roman Turicum,PERSON
PRODUCT_lindenhof,Lindenhof,PRODUCT
PRODUCT_mosaic,mosaic,PRODUCT
ORG_peterskirche,Peterskirche,ORG
GPE_rennweg,Rennweg,GPE
PERSON_enge_s_sternen,Enge’s Sternen,PERSON
PERSON_l_ael,L. Ael,PERSON
GPE_urbicus,Urbicus,GPE
GPE_zentralhof,Zentralhof,GPE
GPE_münsterhof,Münsterhof,GPE
FAC_sihlfeld,Sihlfeld,FAC
ORG_aquae,Aquae,ORG
ORG_strehlgasse,Strehlgasse,ORG
ORG_alte_landstrasse,alte Landstrasse,ORG
GPE_germanic,Germanic,GPE
DATE_the_8th_and_9th_centuries,the 8th and 9th centuries,DATE
GPE_riesbach,Riesbach,GPE
ORG_fluntern,Fluntern,ORG
NORP_christian,Christian,NORP
DATE_about_the_10th_century,about the 10th century,DATE
ORG_alemannic_frankish,Alemannic-Frankish,ORG
ORG_burghölzli,Burghölzli,ORG
PERSON_alemanni,Alemanni,PERSON
NORP_balgrist,Balgrist,NORP
DATE_the_last_decade,the last decade,DATE
PERSON_rebhügel_wiedikon,Rebhügel Wiedikon,PERSON
NORP_frankish,Frankish,NORP
PERSON_j_heierli,J. Heierli,PERSON
PERSON_molasse,molasse,PERSON
ORG_the_beautification_association,the Beautification Association,ORG
LOC_delta,Delta,LOC
PERSON_cantons_zurich,Cantons Zurich,PERSON
GPE_schwyz,Schwyz,GPE
LOC_lake_constance,Lake Constance,LOC
PERSON_hirzli,Hirzli,PERSON
GPE_schänniserberg,Schänniserberg,GPE
ORG_stäfner,Stäfner,ORG
DATE_march_12_1909,"March 12, 1909",DATE
FAC_the_vita_st_galli_of,the Vita St. Galli of,FAC
DATE_the_8th_century,the 8th century,DATE
PERSON_de_turegum,de Turegum,PERSON
DATE_turicinus,Turicinus,DATE
DATE_as_early_as,as early as,DATE
ORG_zürichse,Zürichse,ORG
WORK_OF_ART_zürichsee,Zürichsee,WORK_OF_ART
PERSON_zürichersee,Zürichersee,PERSON
GPE_zugersee,Zugersee,GPE
GPE_genfersee,Genfersee,GPE
PRODUCT_tschudi,Tschudi,PRODUCT
DATE_1538,1538,DATE
GPE_joost_murer,Joost Murer,GPE
DATE_1566,1566,DATE
PRODUCT_gyger,Gyger,PRODUCT
DATE_1667,1667,DATE
ORG_dufour,Dufour,ORG
PERSON_j_wild,J. Wild,PERSON
WORK_OF_ART_the_siegfried_atlas,the Siegfried Atlas,WORK_OF_ART
LOC_lake_geneva,Lake Geneva,LOC
ORG_neuchâtel_lake,Neuchâtel Lake,ORG
DATE_kümmerly,Kümmerly,DATE
ORG_frey,Frey,ORG
ORG_geographical_lexicon_of,GEOGRAPHICAL LEXICON OF,ORG
DATE_1896_1901,1896 | 1901,DATE
DATE_1896,1896,DATE
DATE_7059,7059,DATE
DATE_6798,6798,DATE
DATE_3269,3269,DATE
DATE_3192,3192,DATE
ORG_pigs,Pigs,ORG
DATE_1824,1824,DATE
DATE_1669,1669,DATE
DATE_1097,1097,DATE
DATE_1182,1182,DATE
DATE_1177,1177,DATE
DATE_1315,1315,DATE
DATE_1979,1979,DATE
DATE_2038,2038,DATE
DATE_1357,1357,DATE
DATE_1410,1410,DATE
DATE_1467,1467,DATE
DATE_1634,1634,DATE
DATE_1671,1671,DATE
DATE_1769,1769,DATE
DATE_1880,1880,DATE
DATE_1888,1888,DATE
DATE_1894,1894,DATE
DATE_july_1,July 1,DATE
ORG_residential,Residential,ORG
DATE_1862,1862,DATE
DATE_1892,1892,DATE
DATE_9867,9867,DATE
DATE_1863,1863,DATE
DATE_9300,9300,DATE
DATE_1526,1526,DATE
DATE_3514,3514,DATE
PERSON_deaths,Deaths,PERSON
PERSON_library_zurich,Library Zurich,PERSON
ORG_graphic_collection,Graphic Collection,ORG
PERSON_photo_archive,Photo Archive,PERSON
PERSON_adlisberg,Adlisberg,PERSON
ORG_turicensis_turicum,Turicensis/Turicum,ORG
GPE_ziurichi,Ziurichi,GPE
PERSON_italian_zurigo,Italian Zurigo,PERSON
ORG_celtic,Celtic,ORG
ORG_fraumünster_münsterhof,Fraumünster-Münsterhof,ORG
PERSON_niederdorf,Niederdorf,PERSON
DATE_the_12th_century,the 12th century,DATE
DATE_the_13th_century,the 13th century,DATE
GPE_stadelhof,Stadelhof,GPE
DATE_the_17th_century,the 17th century,DATE
ORG_aussersihl_enge,"Aussersihl, Enge",ORG
GPE_leimbach,Leimbach,GPE
DATE_1934,1934,DATE
GPE_schwamendingen,Schwamendingen,GPE
GPE_seebach,Seebach,GPE
PERSON_witikon,Witikon,PERSON
ORG_eth,ETH,ORG
ORG_tamedia,Tamedia,ORG
ORG_swiss_radio_and_television,Swiss Radio and Television,ORG
ORG_ubs,UBS,ORG
ORG_credit_suisse_group,Credit Suisse Group,ORG
PERSON_schweizerische_kreditanstalt,Schweizerische Kreditanstalt,PERSON
ORG_swiss_life_pension_institution,Swiss Life (Pension Institution,ORG
ORG_zurich_financial_services,Zurich Financial Services,ORG
ORG_migros,Migros,ORG
ORG_ibm,IBM,ORG
ORG_google,Google,ORG
ORG_siemens,Siemens,ORG
ORG_siemens_albis,Siemens-Albis,ORG
ORG_asea_brown_boveri,Asea Brown Boveri,ORG
ORG_abb,ABB,ORG
DATE_1850_2000,1850-2000,DATE
ORG_religion,Religion,ORG
DATE_1888_1930,1888-1930,DATE
NORP_old_catholics,Old Catholics,NORP
DATE_1950,1950,DATE
PRODUCT_population,Population,PRODUCT
GPE_statistics_city,Statistics City,GPE
PERSON_mesolithic,Mesolithic,PERSON
GPE_katzensee,Katzensee,GPE
FAC_neolithic,Neolithic,FAC
PERSON_bronze_age,Bronze Age,PERSON
PERSON_kleiner_hafner,Kleiner Hafner,PERSON
GPE_bellevue,Bellevue,GPE
GPE_rathausbrücke,Rathausbrücke,GPE
ORG_hallstatt,Hallstatt,ORG
ORG_la_tène,La Tène,ORG
GPE_höngg,Höngg,GPE
NORP_merovingian,Merovingian,NORP
LOC_st_petershügel,St. Petershügel,LOC
EVENT_sihlbühl,Sihlbühl,EVENT
DATE_6th_century,6th century,DATE
PERSON_alpine,Alpine,PERSON
NORP_celtic,Celtic,NORP
LOC_mediterranean,Mediterranean,LOC
WORK_OF_ART_the_statio_turicensis,the Statio Turicensis,WORK_OF_ART
GPE_rhaetia,Rhaetia,GPE
PERSON_weinplatz,Weinplatz,PERSON
PERSON_seefeld,Seefeld,PERSON
DATE_the_1st_to_4th_centuries,the 1st to 4th centuries,DATE
ORG_storchengasse,Storchengasse,ORG
PERSON_diana,Diana,PERSON
GPE_silvanus,Silvanus,GPE
ORG_oetenbach,Oetenbach,ORG
LOC_jupiter,Jupiter,LOC
DATE_70,70,DATE
DATE_the_early_4th_century,the early 4th century,DATE
NORP_western_roman,Western Roman,NORP
DATE_the_6th_century,the 6th century,DATE
ORG_germanic,Germanic,ORG
DATE_7th_century,7th-century,DATE
ORG_sax,sax,ORG
DATE_the_7th_and_8th_centuries,the 7th and 8th centuries,DATE
GPE_niederdorf,Niederdorf,GPE
DATE_8th_to_12th_century,8th to 12th century,DATE
NORP_carolingian,Carolingian,NORP
ORG_hildegard,Hildegard,ORG
GPE_berta,Berta,GPE
ORG_swabia,Swabia,ORG
DATE_the_10th_century,the 10th century,DATE
DATE_the_11th_and_12th_centuries,the 11th and 12th centuries,DATE
LOC_baltic_sea,Baltic Sea,LOC
DATE_1000,1000,DATE
PERSON_henry_iii,Henry III,PERSON
DATE_1045_1055,1045-1055,DATE
PERSON_otto_of_freising,Otto of Freising,PERSON
DATE_the_mid_12th_century,the mid-12th century,DATE
GPE_swabia,Swabia,GPE
PERSON_staufer_zähringer,Staufer-Zähringer,PERSON
DATE_1098,1098,DATE
PERSON_staufer,Staufer,PERSON
GPE_lenzburg,Lenzburg,GPE
PERSON_zähringen,Zähringen,PERSON
ORG_lenzburg,Lenzburg,ORG
NORP_zähringers,Zähringers,NORP
DATE_1173_to_1218,1173 to 1218,DATE
GPE_st_stephan,St. Stephan,GPE
GPE_felix,Felix,GPE
PERSON_regula,Regula,PERSON
ORG_benedictine,Benedictine,ORG
DATE_the_9th_century,the 9th century,DATE
DATE_the_end_of_the_8th_century,the end of the 8th century,DATE
ORG_charlemagne,Charlemagne,ORG
DATE_between_1100_and_1230,between 1100 and 1230,DATE
LOC_st_stephan_west,St. Stephan west,LOC
NORP_augustinian,Augustinian,NORP
GPE_st_martin,St. Martin,GPE
DATE_1127,1127,DATE
ORG_rennweg,Rennweg,ORG
DATE_the_10th_11th_century,the 10th-11th century,DATE
LOC_eastern_city,eastern city,LOC
ORG_the_guild_house,the Guild House,ORG
ORG_carpenters,Carpenters,ORG
DATE_1156,1156,DATE
DATE_the_high_middle_ages,the High Middle Ages,DATE
DATE_the_end_of_the_18th_century,the end of the 18th century,DATE
ORG_the_dukes_of_zähringen,the Dukes of Zähringen,ORG
DATE_1218,1218,DATE
DATE_the_early_13th_century,the early 13th century,DATE
DATE_1271,1271,DATE
DATE_1234,1234,DATE
DATE_the_late_13th_century,the late 13th century,DATE
ORG_the_sworn_letters,"the ""Sworn Letters",ORG
ORG_emperor_sigismund,Emperor Sigismund,ORG
DATE_1433,1433,DATE
DATE_the_late_middle_ages,the late Middle Ages,DATE
GPE_reformation,Reformation,GPE
DATE_1524,1524,DATE
ORG_obmann,Obmann,ORG
DATE_1533,1533,DATE
DATE_1347,1347,DATE
ORG_state_archives_zurich,State Archives Zurich,ORG
DATE_1220,1220,DATE
DATE_the_mid_13th_century,the mid-13th century,DATE
DATE_1250,1250,DATE
DATE_1252,1252,DATE
DATE_four_months,four months,DATE
DATE_around_1250,around 1250,DATE
DATE_1304,1304,DATE
DATE_1292,1292,DATE
DATE_1336,1336,DATE
NORP_brun,Brun,NORP
ORG_baptistal,Baptistal,ORG
DATE_six_month,six-month,DATE
PERSON_konstaffel,Konstaffel,PERSON
PERSON_rudolf_brun,Rudolf Brun,PERSON
PERSON_rapperswil,Rapperswil,PERSON
DATE_1350,1350,DATE
DATE_1798,1798,DATE
DATE_1373,1373,DATE
DATE_1393,1393,DATE
NORP_schöno,Schöno,NORP
ORG_the_great_council,the Great Council,ORG
ORG_the_small_council,the Small Council,ORG
NORP_jews,Jews,NORP
DATE_1401,1401,DATE
DATE_the_15th_century,the 15th century,DATE
ORG_waldmannhandel,Waldmannhandel,ORG
DATE_1498,1498,DATE
DATE_1490,1490,DATE
PERSON_hintersassen,Hintersassen,PERSON
ORG_the_great_council_or_council_of_two_hundred,The Great Council or Council of Two Hundred,ORG
DATE_the_late_15th_century,the late 15th century,DATE
ORG_achtzehner,Achtzehner,ORG
ORG_the_great_council_s,The Great Council's,ORG
ORG_the_secret_council,the Secret Council,ORG
DATE_1633,1633,DATE
ORG_the_ancien_régime,the Ancien Régime,ORG
DATE_1654,1654,DATE
DATE_1712_1713,1712-1713,DATE
DATE_1599,1599,DATE
DATE_1790,1790,DATE
DATE_mid_16th_century,mid-16th century,DATE
DATE_the_late_18th_century,the late 18th century,DATE
ORG_régime,Régime,ORG
DATE_the_pledge_days,the pledge days,DATE
PERSON_auf_dorf,Auf Dorf,PERSON
GPE_linden,Linden,GPE
ORG_neumarkt,Neumarkt,ORG
ORG_the_lesser_city,"the ""Lesser City",ORG
PERSON_münsterhof,Münsterhof,PERSON
ORG_talacker,Talacker,ORG
DATE_the_first_half_of_the_13th_century,the first half of the 13th century,DATE
PERSON_rathausbrücke,Rathausbrücke,PERSON
GPE_münsterbrücke,Münsterbrücke,GPE
ORG_sihl,Sihl,ORG
LOC_mühlestege,Mühlestege,LOC
DATE_1642,1642,DATE
DATE_the_18th_century,the 18th century,DATE
PERSON_hundert_schweizer_prospecte,Hundert Schweizer-Prospecte,PERSON
PERSON_johann_balthasar_bullinger,Johann Balthasar Bullinger,PERSON
GPE_department_maps,Department Maps,GPE
LOC_panoramas,Panoramas,LOC
DATE_the_14th_and_15th_centuries,the 14th and 15th centuries,DATE
GPE_grossmünster,Grossmünster,GPE
DATE_1397,1397,DATE
DATE_1694_1698,1694-1698,DATE
DATE_1468,1468,DATE
DATE_1253,1253,DATE
ORG_kaufhaus,Kaufhaus,ORG
DATE_1412,1412,DATE
ORG_bauhaus,Bauhaus,ORG
DATE_the_kratz_quarter,the Kratz quarter,DATE
DATE_the_16th_century,the 16th century,DATE
NORP_jewish,Jewish,NORP
DATE_1436,1436,DATE
GPE_froschaugasse,Froschaugasse,GPE
DATE_1633_to_1639,1633 to 1639,DATE
DATE_the_17th_and_18th_centuries,the 17th and 18th centuries,DATE
PERSON_zur_krone,Zur Krone,PERSON
PERSON_zum_florhof,Zum Florhof,PERSON
PERSON_zum_kiel,Zum Kiel,PERSON
NORP_freigut,Freigut,NORP
GPE_muralt,Muralt,GPE
GPE_brunnenhof,Brunnenhof,GPE
ORG_brun,Brun,ORG
DATE_the_plague_year_of_1350,the plague year of 1350,DATE
ORG_the_old_zurich_war,the Old Zurich War,ORG
ORG_gotthard_and_graubünden,Gotthard and Graubünden,ORG
ORG_the_south_german,the South German,ORG
PERSON_detail,Detail,PERSON
PERSON_mordechai_ben_menachem,Mordechai ben Menachem,PERSON
DATE_1330,1330,DATE
ORG_photography_city_archaeology,Photography City Archaeology,ORG
DATE_the_first_half_of_the_16th_century,the first half of the 16th century,DATE
DATE_the_mid_century,the mid-century,DATE
DATE_1620,1620,DATE
NORP_huguenots,Huguenots,NORP
ORG_the_commercial_directorate,the Commercial Directorate,ORG
DATE_1662,1662,DATE
ORG_marchand_banquiers,Marchand-Banquiers,ORG
ORG_interest_commission,Interest Commission,ORG
DATE_1755,1755,DATE
GPE_geneva,Geneva,GPE
DATE_the_mid_19th_century,the mid-19th century,DATE
DATE_between_the_9th_and_12th_centuries,Between the 9th and 12th centuries,DATE
DATE_the_first_half_of_the_12th_century,the first half of the 12th century,DATE
ORG_urbani,urbani,ORG
DATE_kratz_quarter,Kratz quarter,DATE
DATE_1409,1409,DATE
NORP_parish,Parish,NORP
ORG_hintersassen,Hintersassen,ORG
DATE_1818,1818,DATE
LOC_the_boy_shooting,The Boy Shooting,LOC
EVENT_the_thirty_years_war,the Thirty Years' War,EVENT
GPE_st_jakob,St. Jakob,GPE
PERSON_spanweid,Spanweid,PERSON
GPE_oetenbach,Oetenbach,GPE
NORP_franciscans,Franciscans,NORP
PRODUCT_beghards,Beghards,PRODUCT
DATE_1525,1525,DATE
DATE_antistes,Antistes,DATE
ORG_grossmünster,Grossmünster,ORG
DATE_1685,1685,DATE
NORP_latin,Latin,NORP
PERSON_carolinum,Carolinum,PERSON
PERSON_huldrych_zwingli,Huldrych Zwingli,PERSON
LOC_collegium,Collegium,LOC
DATE_1774,1774,DATE
DATE_1782,1782,DATE
DATE_1645,1645,DATE
DATE_the_first_half_of_the_17th_century,the first half of the 17th century,DATE
DATE_the_same_century,the same century,DATE
DATE_1679,1679,DATE
FAC_collegium,Collegium,FAC
DATE_1746,1746,DATE
DATE_1765,1765,DATE
DATE_1613,1613,DATE
ORG_society_at_the_music_hall,Society at the Music Hall,ORG
DATE_1624,1624,DATE
PERSON_johann_jakob_breitinger,Johann Jakob Breitinger,PERSON
DATE_1575_1645,1575-1645,DATE
PERSON_johann_jakob_bodmer,Johann Jakob Bodmer,PERSON
DATE_1701_1776,1701-1776,DATE
PERSON_johann_heinrich_füssli,Johann Heinrich Füssli,PERSON
PERSON_salomon_gessner,Salomon Gessner,PERSON
PERSON_johann_kaspar_lavater,Johann Kaspar Lavater,PERSON
PERSON_johann_heinrich_rahn,Johann Heinrich Rahn,PERSON
DATE_the_19th_and_20th_centuries,the 19th and 20th centuries,DATE
EVENT_the_helvetic_revolution_of,the Helvetic Revolution of,EVENT
NORP_mediation,Mediation,NORP
DATE_two_year,two-year,DATE
DATE_1803,1803,DATE
DATE_1816,1816,DATE
ORG_great_council,Great Council,ORG
ORG_the_larger_city_council,the Larger City Council,ORG
DATE_1831,1831,DATE
ORG_small_city_council,Small City Council,ORG
ORG_large_city_council,Large City Council,ORG
DATE_1866,1866,DATE
ORG_small_and_large_city_councils,Small and Large City Councils,ORG
ORG_the_large_city_council,the Large City Council,ORG
DATE_1933,1933,DATE
DATE_1969,1969,DATE
DATE_1970,1970,DATE
DATE_2010,2010,DATE
PERSON_oberdorf,Oberdorf,PERSON
PERSON_kleine_stadt,Kleine Stadt,PERSON
DATE_the_19th_century,the 19th century,DATE
PERSON_altstadt,Altstadt,PERSON
NORP_fluntern,Fluntern,NORP
PERSON_industriequartier,Industriequartier,PERSON
GPE_witikon,Witikon,GPE
ORG_albisrieden_and_altstetten,Albisrieden and Altstetten,ORG
ORG_affoltern,Affoltern,ORG
PERSON_seebach,Seebach,PERSON
DATE_1883,1883,DATE
PERSON_ernst_conrad,Ernst Conrad,PERSON
DATE_1799_to_mid_19th_century,1799 to mid-19th century,DATE
NORP_conservatives,conservatives,NORP
DATE_1830,1830,DATE
DATE_1845,1845,DATE
DATE_the_1860s,the 1860s,DATE
DATE_mid_19th_century,mid-19th century,DATE
ORG_the_democratic_movement,the democratic movement,ORG
PERSON_jakob_schnurrenberger,Jakob Schnurrenberger,PERSON
ORG_the_small_city_council,the Small City Council,ORG
NORP_democrats,Democrats,NORP
ORG_the_free_democratic_party,the Free Democratic Party,ORG
DATE_1928,1928,DATE
PERSON_max_dalang,Max Dalang,PERSON
ORG_the_social_democratic_party,the Social Democratic Party,ORG
PERSON_otto_baumberger,Otto Baumberger,PERSON
DATE_1931,1931,DATE
ORG_museum_of_design_zurich,Museum of Design Zurich,ORG
ORG_zurich_university_of_the_arts,Zurich University of the Arts,ORG
ORG_the_large_city_council_or_municipal_council,the Large City Council or Municipal Council,ORG
DATE_1917,1917,DATE
ORG_sp,SP,ORG
DATE_1928_1938,1928-1938,DATE
DATE_1938,1938,DATE
ORG_the_national_ring_of_independents,the National Ring of Independents (,ORG
ORG_ldu,LdU,ORG
ORG_cvp,CVP,ORG
ORG_christian_social_party,Christian Social Party,ORG
ORG_the_evangelical_people_s_party,the Evangelical People's Party,ORG
DATE_the_late_1970s,the late 1970s,DATE
DATE_2002,2002,DATE
ORG_svp,SVP,ORG
ORG_the_farmers_trades,"the Farmers, Trades",ORG
ORG_citizens_party,Citizens Party,ORG
ORG_fdp,FDP,ORG
ORG_the_democratic_party,the democratic party,ORG
DATE_1892_1901,1892-1901,DATE
PERSON_red_zurich,Red Zurich,PERSON
DATE_1949,1949,DATE
PERSON_adolf_lüchinger,Adolf Lüchinger,PERSON
PERSON_emilie_lieberherr,Emilie Lieberherr,PERSON
DATE_1990,1990,DATE
DATE_1994,1994,DATE
GPE_the_helvetic_republic,the Helvetic Republic,GPE
DATE_1802,1802,DATE
DATE_1835,1835,DATE
ORG_the_relief_society_or_community_society,the Relief Society or Community Society,ORG
DATE_the_20th_century,the 20th century,DATE
DATE_19th_century,19th century,DATE
WORK_OF_ART_voluntary_and_resident_poor_relief_of_the_city_of_zurich,Voluntary and Resident Poor Relief of the City of Zurich,WORK_OF_ART
DATE_1878_1929,1878-1929,DATE
DATE_1778,1778,DATE
ORG_industriequartier,Industriequartier,ORG
DATE_1974,1974,DATE
FAC_the_botanical_garden_of,the Botanical Garden of,FAC
PERSON_eduard_schucht,Eduard Schucht,PERSON
GPE_the_city_of_zurich,the City of Zurich,GPE
ORG_city_archive_zurich,City Archive Zurich,ORG
ORG_planning_archive,Planning Archive,ORG
DATE_1860_1873,1860-1873,DATE
DATE_1923,1923,DATE
GPE_albula,Albula,GPE
GPE_heidsee,Heidsee,GPE
PERSON_limmat_wettingen,Limmat Wettingen,PERSON
PERSON_julia_tiefencastel,Julia Tiefencastel,PERSON
PERSON_julia_marmorera,Julia Marmorera,PERSON
ORG_bergell,Bergell,ORG
GPE_maggia,Maggia,GPE
GPE_blenio,Blenio,GPE
PERSON_hinterrhein,Hinterrhein,PERSON
PERSON_gösgen,Gösgen,PERSON
PRODUCT_leibstadt,Leibstadt,PRODUCT
PERSON_bugey,Bugey,PERSON
GPE_cattenom,Cattenom,GPE
ORG_the_municipal_tramway_zurich,the Municipal Tramway Zurich,ORG
ORG_vbz,VBZ,ORG
ORG_the_zurich_transport_network,The Zurich Transport Network,ORG
ORG_the_s_bahn,the S-Bahn,ORG
DATE_1780,1780,DATE
PERSON_münster,Münster,PERSON
DATE_1847,1847,DATE
DATE_1860_to_1890,1860 to 1890,DATE
DATE_1859,1859,DATE
DATE_1861_1863,1861-1863,DATE
DATE_1864_1869,1864-1869,DATE
ORG_zeughaus,Zeughaus,ORG
DATE_1873_1875,1873-1875,DATE
ORG_bahnhofstrasse,Bahnhofstrasse,ORG
GPE_bahnhof,Bahnhof,GPE
DATE_1861_1864,1861-1864,DATE
ORG_the_polytechnical_school,the Polytechnical School,ORG
DATE_1865_1871,1865-1871,DATE
FAC_the_schweizerische_kreditanstalt_at_paradeplatz,the Schweizerische Kreditanstalt at Paradeplatz,FAC
GPE_neumühlequai,Neumühlequai,GPE
DATE_1876_1878,1876-1878,DATE
DATE_1877_1880,1877-1880,DATE
DATE_1880_1890,1880-1890,DATE
PERSON_gustav_gull,Gustav Gull,PERSON
GPE_zähringerplatz,Zähringerplatz,GPE
DATE_1915_1918,1915-1918,DATE
DATE_1930,1930,DATE
DATE_1962,1962,DATE
ORG_central,Central,ORG
DATE_1955,1955,DATE
DATE_1973,1973,DATE
DATE_1972,1972,DATE
DATE_the_1970s,the 1970s,DATE
DATE_the_1990s,the 1990s,DATE
GPE_zurich_west,Zurich-West,GPE
ORG_binz_altstetten,"Binz, Altstetten",ORG
DATE_the_beginning_of_the_19th_century,the beginning of the 19th century,DATE
DATE_1805,1805,DATE
PERSON_schweizerische_rentenanstalt,Schweizerische Rentenanstalt,PERSON
DATE_1857,1857,DATE
PERSON_schweizerische_rückversicherungsanstalt,Schweizerische Rückversicherungsanstalt,PERSON
DATE_the_end_of_the_19th_century,the end of the 19th century,DATE
PERSON_oerlikon,Oerlikon,PERSON
DATE_1929,1929,DATE
DATE_the_1980s_and,the 1980s and,DATE
DATE_1990s,1990s,DATE
DATE_the_second_half_of_the_20th_century,the second half of the 20th century,DATE
WORK_OF_ART_neue_zürcher_zeitung,Neue Zürcher Zeitung,WORK_OF_ART
ORG_blick,Blick,ORG
PERSON_german,German-,PERSON
DATE_the_early_19th_century,the early 19th century,DATE
DATE_the_late_19th_century,the late 19th century,DATE
PERSON_schildner_zum_schneggen,Schildner zum Schneggen,PERSON
PERSON_bogenschützen,Bogenschützen,PERSON
PERSON_reitclub_zurich,Reitclub Zurich,PERSON
ORG_the_grasshopper_club,the Grasshopper Club,ORG
DATE_1836_2010,1836-2010,DATE
DATE_around_1800,around 1800,DATE
LOC_inner,Inner,LOC
GPE_eastern_switzerland,Eastern Switzerland,GPE
DATE_the_1880s,the 1880s,DATE
PERSON_tonhalle,Tonhalle,PERSON
DATE_1844_1869,1844-1869,DATE
DATE_1912,1912,DATE
EVENT_world_war,World War,EVENT
DATE_november,November,DATE
DATE_1918,1918,DATE
DATE_1914,1914,DATE
EVENT_world_war_ii,World War II,EVENT
FAC_the_zurichberg_aussersihl_industriequartier,the Zurichberg-Aussersihl/Industriequartier,FAC
ORG_eu,EU,ORG
ORG_reformed,Reformed,ORG
GPE_st_peter_and_prediger,St. Peter and Prediger,GPE
DATE_2013,2013,DATE
DATE_1807,1807,DATE
ORG_the_st_anna_chapel,the St. Anna Chapel,ORG
DATE_1842_1873,1842-1873,DATE
ORG_augustiner,Augustiner,ORG
NORP_christian_catholic,Christian Catholic,NORP
GPE_endingen,Endingen,GPE
ORG_lengnau_ag,Lengnau (AG,ORG
DATE_the_same_year,the same year,DATE
PERSON_ris,Ris,PERSON
ORG_the_israelite_cultus_community,the Israelite Cultus Community,ORG
ORG_eastern_european_immigration,Eastern European immigration,ORG
DATE_the_1870s,the 1870s,DATE
ORG_the_israelite_religious_community,The Israelite Religious Community,ORG
ORG_agudas_achim,Agudas Achim,ORG
ORG_chadasch,Chadasch,ORG
DATE_1978,1978,DATE
ORG_anti_semitic,Anti-Semitic,ORG
NORP_east_european,East European,NORP
DATE_1910,1910,DATE
DATE_1920,1920,DATE
NORP_orthodox,Orthodox,NORP
DATE_1963,1963,DATE
ORG_the_mahmoud_mosque,the Mahmoud Mosque,ORG
NORP_muslims,Muslims,NORP
GPE_yugoslavia,Yugoslavia,GPE
GPE_turkey,Turkey,GPE
DATE_1831_1833,1831-1833,DATE
DATE_1840,1840,DATE
ORG_the_polytechnic_federal_institutes_of_technology,the Polytechnic (Federal Institutes of Technology,ORG
WORK_OF_ART_nobel_prize,Nobel Prize,WORK_OF_ART
ORG_the_antiquarian_society,the Antiquarian Society,ORG
ORG_the_museum_society,the Museum Society,ORG
ORG_the_scholars_society,the Scholars Society,ORG
DATE_1976,1976,DATE
DATE_1988,1988,DATE
DATE_1873,1873,DATE
ORG_the_school_of_applied_arts,the School of Applied Arts,ORG
DATE_1878,1878,DATE
ORG_the_school_of_design_and_art,the School of Design and Art,ORG
DATE_1998,1998,DATE
ORG_the_university_of_the_arts,the University of the Arts,ORG
DATE_2007,2007,DATE
DATE_the_18th_and_19th_centuries,the 18th and 19th centuries,DATE
DATE_1812,1812,DATE
ORG_the_general_music_society,the General Music Society,ORG
DATE_the_1830s,the 1830s,DATE
ORG_the_aktie_theater,the Aktie Theater,ORG
PERSON_charlotte_birch_pfeiffer,Charlotte Birch-Pfeiffer,PERSON
DATE_1837_1843,1837-1843,DATE
PERSON_richard_wagner,Richard Wagner,PERSON
DATE_1806_1874,1806-1874,DATE
ORG_bellevue,Bellevue,ORG
ORG_the_swiss_music_festival,the Swiss Music Festival,ORG
ORG_the_tonhalle_society,the Tonhalle Society,ORG
DATE_a_year_later,a year later,DATE
ORG_the_tonhalle_orchestra,the Tonhalle Orchestra,ORG
ORG_the_zurich_music_school,the Zurich Music School,ORG
DATE_1876,1876,DATE
ORG_opera_house,Opera House,ORG
DATE_1964,1964,DATE
ORG_kornhaus,Kornhaus,ORG
DATE_1937,1937,DATE
ORG_the_congress_house,the Congress House,ORG
PERSON_ferdinand_rieser,Ferdinand Rieser,PERSON
ORG_schauspielhaus,Schauspielhaus,ORG
ORG_the_neue_schauspiel_ag,The Neue Schauspiel AG,ORG
ORG_schiffbauhalle,Schiffbauhalle,ORG
DATE_2000,2000,DATE
ORG_the_art_society,the Art Society,ORG
ORG_the_zurich_artists_society,the Zurich Artists' Society,ORG
DATE_1787,1787,DATE
ORG_kunsthaus,Kunsthaus,ORG
PERSON_eduard_von_der,Eduard von der,PERSON
GPE_heydt,Heydt,GPE
NORP_non_european,non-European,NORP
GPE_museum_rietberg,Museum Rietberg,GPE
DATE_1952,1952,DATE
ORG_the_migros_cooperative_federation_in,the Migros cooperative federation in,ORG
ORG_the_museum_of_contemporary_art,the Museum of Contemporary Art,ORG
DATE_1996,1996,DATE
GPE_löwenbräu,Löwenbräu,GPE
DATE_1986,1986,DATE
PERSON_haus_konstruktiv,Haus Konstruktiv,PERSON
ORG_ewz,EWZ,ORG
DATE_2001,2001,DATE
PERSON_knabenschiessen,Knabenschiessen,PERSON
DATE_1939,1939,DATE
PERSON_saffa,Saffa,PERSON
DATE_1958,1958,DATE
GPE_dada,Dada,GPE
DATE_1916,1916,DATE
DATE_1936,1936,DATE
DATE_1997,1997,DATE
EVENT_zurich_festival,Zurich Festival,EVENT
DATE_1951,1951,DATE
ORG_the_zurich_fest,the Zurich Fest,ORG
DATE_1980,1980,DATE
ORG_the_zurich_theater_spectacle,the Zurich Theater Spectacle,ORG
DATE_1991,1991,DATE
FAC_the_street_parade,the Street Parade,FAC
DATE_2005,2005,DATE
ORG_the_zurich_film_festival,the Zurich Film Festival,ORG
DATE_1529,1529,DATE
DATE_1637,1637,DATE
DATE_1682,1682,DATE
DATE_1762,1762,DATE
DATE_1792,1792,DATE
DATE_1850,1850,DATE
