event_id,quantity_id
e12,q1
e13,q2
e14,q3
e15,q4
e15,q5
e15,q6
e16,q7
e24,q8
e57,q9
e92,q10
e126,q11
e133,q12
e151,q13
e151,q14
e167,q15
e168,q16
e172,q17
e172,q18
e172,q19
e172,q20
e173,q21
e173,q22
e173,q23
e192,q24
e193,q25
e194,q26
e194,q27
e205,q28
e206,q29
e206,q30
e207,q31
e208,q32
e208,q33
e209,q34
e209,q35
e210,q36
e210,q37
e211,q38
e211,q39
e211,q40
e211,q41
e212,q42
e212,q43
e212,q44
e212,q45
e212,q46
e213,q47
e213,q48
e217,q49
e218,q50
e219,q51
e220,q52
e221,q53
e221,q54
e222,q55
e223,q56
e223,q57
e223,q58
e223,q59
e223,q60
e224,q61
e224,q62
e224,q63
e225,q64
e226,q65
e227,q66
e227,q67
e227,q68
e228,q69
e228,q70
e228,q71
e229,q72
e229,q73
e229,q74
e230,q75
e230,q76
e231,q77
e231,q78
e231,q79
e233,q80
e234,q81
e234,q82
e235,q83
e235,q84
e236,q85
e236,q86
e237,q87
e237,q88
e238,q89
e239,q90
e239,q91
e240,q92
e241,q93
e242,q94
e243,q95
e244,q96
e245,q97
e246,q98
e247,q99
e248,q100
e249,q101
e250,q102
e252,q103
e252,q104
e252,q105
e253,q106
e253,q107
e255,q108
e255,q109
e255,q110
e255,q111
e256,q112
e256,q113
e257,q114
e258,q115
e258,q116
e259,q117
e259,q118
e260,q119
e260,q120
e260,q121
e261,q122
e261,q123
e264,q124
e265,q125
e265,q126
e265,q127
e265,q128
e265,q129
e266,q130
e266,q131
e267,q132
e267,q133
e268,q134
e269,q135
e269,q136
e269,q137
e269,q138
e270,q139
e270,q140
e271,q141
e271,q142
e276,q143
e279,q144
e279,q145
e279,q146
e280,q147
e281,q148
e284,q149
e286,q150
e287,q151
e287,q152
e289,q153
e290,q154
e293,q155
e297,q156
e309,q157
e310,q158
e311,q159
e312,q160
e313,q161
e314,q162
e315,q163
e316,q164
e317,q165
e318,q166
e319,q167
e320,q168
e321,q169
e321,q170
e321,q171
e322,q172
e322,q173
e322,q174
e323,q175
e324,q176
e336,q177
e337,q178
e345,q179
e349,q180
e349,q181
e349,q182
e350,q183
e350,q184
e350,q185
e351,q186
e353,q187
e354,q188
e354,q189
e354,q190
e354,q191
e354,q192
e354,q193
e354,q194
e354,q195
e354,q196
e354,q197
e354,q198
e355,q199
e355,q200
e356,q201
e356,q202
e357,q203
e357,q204
e357,q205
e357,q206
e357,q207
e357,q208
e357,q209
e358,q210
e358,q211
e359,q212
e359,q213
e360,q214
e362,q215
e365,q216
e365,q217
e366,q218
e370,q219
e370,q220
e371,q221
e371,q222
e372,q223
e372,q224
e373,q225
e373,q226
e376,q227
e377,q228
e377,q229
e377,q230
e378,q231
e379,q232
e380,q233
e380,q234
e381,q235
e382,q236
e383,q237
e384,q238
e385,q239
e385,q240
e386,q241
e387,q242
e387,q243
e387,q244
e389,q245
e390,q246
e396,q247
e396,q248
e396,q249
e396,q250
e396,q251
e399,q252
e401,q253
e403,q254
e405,q255
e405,q256
e408,q257
e412,q258
e412,q259
e413,q260
e414,q261
e416,q262
e417,q263
e417,q264
e420,q265
e420,q266
e421,q267
e421,q268
e424,q269
e424,q270
e427,q271
e428,q272
e428,q273
e429,q274
e429,q275
e430,q276
e430,q277
e431,q278
e431,q279
e431,q280
e431,q281
e431,q282
e432,q283
e433,q284
e433,q285
e434,q286
e434,q287
e434,q288
e435,q289
e435,q290
e438,q291
e439,q292
e439,q293
e439,q294
e439,q295
e440,q296
e440,q297
e441,q298
e441,q299
e441,q300
e442,q301
e443,q302
e443,q303
e443,q304
e452,q305
e452,q306
e452,q307
e453,q308
e454,q309
e455,q310
e456,q311
e457,q312
e458,q313
e459,q314
e460,q315
e462,q316
e463,q317
e464,q318
e465,q319
e466,q320
e467,q321
e468,q322
e469,q323
e470,q324
e471,q325
e472,q326
e473,q327
e474,q328
e475,q329
e476,q330
e476,q331
e476,q332
e476,q333
e477,q334
e478,q335
e479,q336
e479,q337
e480,q338
e487,q339
e487,q340
e491,q341
e492,q342
e509,q343
e518,q344
e519,q345
e528,q346
e528,q347
e528,q348
e528,q349
e529,q350
e530,q351
e534,q352
e545,q353
e545,q354
e547,q355
e547,q356
e548,q357
e549,q358
e550,q359
e550,q360
e550,q361
e550,q362
e552,q363
e557,q364
e557,q365
e557,q366
e557,q367
e557,q368
e557,q369
e557,q370
e559,q371
e562,q372
e564,q373
e565,q374
e570,q375
e570,q376
e570,q377
e570,q378
e570,q379
e570,q380
e570,q381
e570,q382
e570,q383
e570,q384
e570,q385
e570,q386
e570,q387
e570,q388
e570,q389
e570,q390
e570,q391
e570,q392
e570,q393
e570,q394
e573,q395
e573,q396
e573,q397
e574,q398
e574,q399
e574,q400
e574,q401
e574,q402
e575,q403
e576,q404
e577,q405
e577,q406
e580,q407
e580,q408
e582,q409
e582,q410
e612,q411
e615,q412
e622,q413
e622,q414
e624,q415
e624,q416
e625,q417
e625,q418
e628,q419
e635,q420
e636,q421
e640,q422
e642,q423
e643,q424
e644,q425
e644,q426
e644,q427
e644,q428
e644,q429
e644,q430
e644,q431
e645,q432
e645,q433
e645,q434
e645,q435
e645,q436
e645,q437
e645,q438
e645,q439
e645,q440
e645,q441
e645,q442
e645,q443
e645,q444
e645,q445
e646,q446
e646,q447
e646,q448
e647,q449
e647,q450
e648,q451
e649,q452
e649,q453
e649,q454
e650,q455
e650,q456
e650,q457
e650,q458
e650,q459
e650,q460
e650,q461
e650,q462
e650,q463
e651,q464
e652,q465
e653,q466
e654,q467
e655,q468
e656,q469
e657,q470
e658,q471
e659,q472
e662,q473
e664,q474
e668,q475
e669,q476
e683,q477
e684,q478
e686,q479
e686,q480
e688,q481
e689,q482
e690,q483
e691,q484
e692,q485
e693,q486
e694,q487
e695,q488
e695,q489
e696,q490
e696,q491
e697,q492
e701,q493
e714,q494
e714,q495
e748,q496
e748,q497
e751,q498
e752,q499
e754,q500
e766,q501
e767,q502
e768,q503
e769,q504
e769,q505
e769,q506
e770,q507
e770,q508
e771,q509
e772,q510
e772,q511
e772,q512
e773,q513
e774,q514
e775,q515
e776,q516
e776,q517
e776,q518
e778,q519
e779,q520
e780,q521
e781,q522
e782,q523
e782,q524
e783,q525
e784,q526
e785,q527
e786,q528
e787,q529
e788,q530
e789,q531
e790,q532
e791,q533
e792,q534
e793,q535
e794,q536
e795,q537
e796,q538
e797,q539
e800,q540
e801,q541
e802,q542
e803,q543
e804,q544
e805,q545
e806,q546
e807,q547
e808,q548
e810,q549
e811,q550
e812,q551
e814,q552
e815,q553
e816,q554
e818,q555
e819,q556
e820,q557
e821,q558
e822,q559
e823,q560
e824,q561
e825,q562
e826,q563
e827,q564
e828,q565
e829,q566
e830,q567
e831,q568
e832,q569
e833,q570
e834,q571
e835,q572
e836,q573
e837,q574
e838,q575
e839,q576
e840,q577
e841,q578
e842,q579
e843,q580
e844,q581
e845,q582
e846,q583
e847,q584
e848,q585
e849,q586
e850,q587
e851,q588
e852,q589
e853,q590
e854,q591
e855,q592
e856,q593
e857,q594
e858,q595
e859,q596
e860,q597
e861,q598
e862,q599
e863,q600
e864,q601
e865,q602
e866,q603
e867,q604
e870,q605
e871,q606
e872,q607
e873,q608
e873,q609
e873,q610
e874,q611
e893,q612
e916,q613
e945,q614
e987,q615
e987,q616
e993,q617
e993,q618
e994,q619
e994,q620
e994,q621
e994,q622
e994,q623
e1008,q624
e1008,q625
e1008,q626
e1008,q627
e1008,q628
e1008,q629
e1011,q630
e1016,q631
e1016,q632
e1016,q633
e1016,q634
e1027,q635
e1120,q636
e1122,q637
e1122,q638
e1124,q639
e1124,q640
e1129,q641
e1133,q642
e1161,q643
e1162,q644
e1163,q645
e1165,q646
e1165,q647
e1247,q648
e1247,q649
e1256,q650
e1267,q651
e1280,q652
e1281,q653
e1291,q654
e1331,q655
e1332,q656
e1333,q657
e1334,q658
e1335,q659
e1336,q660
e1337,q661
e1338,q662
e1339,q663
e1340,q664
e1341,q665
e1342,q666
e1343,q667
e1344,q668
e1345,q669
e1346,q670
e1347,q671
e1348,q672
e1349,q673
e1350,q674
e1351,q675
e1352,q676
e1353,q677
e1354,q678
e1355,q679
e1356,q680
e1357,q681
e1358,q682
e1359,q683
e1360,q684
e1361,q685
e1362,q686
e1363,q687
e1364,q688
e1365,q689
e1366,q690
e1367,q691
e1368,q692
e1369,q693
e1369,q694
e1369,q695
e1369,q696
e1369,q697
e1369,q698
e1369,q699
e1369,q700
e1370,q701
e1371,q702
e1372,q703
e1373,q704
e1374,q705
e1375,q706
e1376,q707
e1377,q708
e1378,q709
e1379,q710
e1380,q711
e1381,q712
e1382,q713
e1383,q714
e1384,q715
e1385,q716
e1386,q717
e1387,q718
e1388,q719
e1389,q720
e1390,q721
e1391,q722
e1392,q723
e1393,q724
e1394,q725
e1395,q726
e1396,q727
e1397,q728
e1398,q729
e1399,q730
e1400,q731
e1401,q732
e1402,q733
e1403,q734
e1404,q735
e1405,q736
e1406,q737
e1407,q738
e1408,q739
e1409,q740
e1410,q741
e1411,q742
e1412,q743
e1413,q744
e1414,q745
e1415,q746
e1416,q747
e1417,q748
e1418,q749
e1419,q750
e1420,q751
e1421,q752
e1422,q753
e1423,q754
e1424,q755
e1425,q756
e1426,q757
e1427,q758
e1428,q759
e1429,q760
e1430,q761
e1431,q762
e1432,q763
e1433,q764
e1434,q765
e1435,q766
