event_id,page
e1,Genf_en
e2,Genf_en
e3,Genf_en
e4,Genf_en
e5,Genf_en
e6,Genf_en
e7,Genf_en
e8,Genf_en
e9,Genf_en
e10,Genf_en
e11,Genf_en
e12,Genf_en
e13,Genf_en
e14,Genf_en
e15,Genf_en
e16,Genf_en
e17,Genf_en
e18,Genf_en
e19,Genf_en
e20,Genf_en
e21,Genf_en
e22,Genf_en
e23,Genf_en
e24,Genf_en
e25,Genf_en
e26,Genf_en
e27,Genf_en
e28,Genf_en
e29,Genf_en
e30,Genf_en
e31,Genf_en
e32,Genf_en
e33,Genf_en
e34,Genf_en
e35,Genf_en
e36,Genf_en
e37,Genf_en
e38,Genf_en
e39,Genf_en
e40,Genf_en
e41,Genf_en
e42,Genf_en
e43,Genf_en
e44,Genf_en
e45,Genf_en
e46,Genf_en
e47,Genf_en
e48,Genf_en
e49,Genf_en
e50,Genf_en
e51,Genf_en
e52,Genf_en
e53,Genf_en
e54,Genf_en
e55,Genf_en
e56,Genf_en
e57,Genf_en
e58,Genf_en
e59,Genf_en
e60,Genf_en
e61,Genf_en
e62,Genf_en
e63,Genf_en
e64,Genf_en
e65,Genf_en
e66,Genf_en
e67,Genf_en
e68,Genf_en
e69,Genf_en
e70,Genf_en
e71,Genf_en
e72,Genf_en
e73,Genf_en
e74,Genf_en
e75,Genf_en
e76,Genf_en
e77,Genf_en
e78,Genf_en
e79,Genf_en
e80,Genf_en
e81,Genf_en
e82,Genf_en
e83,Genf_en
e84,Genf_en
e85,Genf_en
e86,Genf_en
e87,Genf_en
e88,Genf_en
e89,Genf_en
e90,Genf_en
e91,Genf_en
e92,Genf_en
e93,Genf_en
e94,Genf_en
e95,Genf_en
e96,Genf_en
e97,Genf_en
e98,Genf_en
e99,Genf_en
e100,Genf_en
e101,Genf_en
e102,Genf_en
e103,Genf_en
e104,Genf_en
e105,Genf_en
e106,Genf_en
e107,Genf_en
e108,Genf_en
e109,Genf_en
e110,Genf_en
e111,Genf_en
e112,Genf_en
e113,Genf_en
e114,Genf_en
e115,Genf_en
e116,Genf_en
e117,Genf_en
e118,Genf_en
e119,Genf_en
e120,Genf_en
e121,Genf_en
e122,Genf_en
e123,Genf_en
e124,Genf_en
e125,Genf_en
e126,Genf_en
e127,Genf_en
e128,Genf_en
e129,Genf_en
e130,Genf_en
e131,Genf_en
e132,Genf_en
e133,Genf_en
e134,Genf_en
e135,Genf_en
e136,Genf_en
e137,Genf_en
e138,Genf_en
e139,Genf_en
e140,Genf_en
e141,Genf_en
e142,Genf_en
e143,Genf_en
e144,Genf_en
e145,Genf_en
e146,Genf_en
e147,Genf_en
e148,Genf_en
e149,Genf_en
e150,Genf_en
e151,Genf_en
e152,Genf_en
e153,Genf_en
e154,Genf_en
e155,Genf_en
e156,Genf_en
e157,Genf_en
e158,Genf_en
e159,Genf_en
e160,Genf_en
e161,Genf_en
e162,Genf_en
e163,Genf_en
e164,Genf_en
e165,Genf_en
e166,Genf_en
e167,Genf_en
e168,Genf_en
e169,Genf_en
e170,Genf_en
e171,Genf_en
e172,Genf_en
e173,Genf_en
e174,Genf_en
e175,Genf_en
e176,Genf_en
e177,Genf_en
e178,Genf_en
e179,Genf_en
e180,Genf_en
e181,Genf_en
e182,Genf_en
e183,Genf_en
e184,Genf_en
e185,Genf_en
e186,Genf_en
e187,Genf_en
e188,Genf_en
e189,Genf_en
e190,Genf_en
e191,Genf_en
e192,Genf_en
e193,Genf_en
e194,Genf_en
e195,Genf_en
e196,Genf_en
e197,Genf_en
e198,Genf_en
e199,Genf_en
e200,Genf_en
e201,Genf_en
e202,Genf_en
e203,Genf_en
e204,Genf_en
e205,Genf_en
e206,Genf_en
e207,Genf_en
e208,Genf_en
e209,Genf_en
e210,Genf_en
e211,Genf_en
e212,Genf_en
e213,Genf_en
e214,Genf_en
e215,Genf_en
e216,Genf_en
e217,Genf_en
e218,Genf_en
e219,Genf_en
e220,Genf_en
e221,Genf_en
e222,Genf_en
e223,Genf_en
e224,Genf_en
e225,Genf_en
e226,Genf_en
e227,Genf_en
e228,Genf_en
e229,Genf_en
e230,Genf_en
e231,Genf_en
e232,Genf_en
e233,Genf_en
e234,Genf_en
e235,Genf_en
e236,Genf_en
e237,Genf_en
e238,Genf_en
e239,Genf_en
e240,Genf_en
e241,Genf_en
e242,Genf_en
e243,Genf_en
e244,Genf_en
e245,Genf_en
e246,Genf_en
e247,Genf_en
e248,Genf_en
e249,Genf_en
e250,Genf_en
e251,Genf_en
e252,Genf_en
e253,Genf_en
e254,Genf_en
e255,Genf_en
e256,Genf_en
e257,Genf_en
e258,Genf_en
e259,Genf_en
e260,Genf_en
e261,Genf_en
e262,Genf_en
e263,Genf_en
e264,Genf_en
e265,Genf_en
e266,Genf_en
e267,Genf_en
e268,Genf_en
e269,Genf_en
e270,Genf_en
e271,Genf_en
e272,Genf_en
e273,Genf_en
e274,Genf_en
e275,Genf_en
e276,Genf_en
e277,Genf_en
e278,Genf_en
e279,Genf_en
e280,Genf_en
e281,Genf_en
e282,Genf_en
e283,Genf_en
e284,Genf_en
e285,Genf_en
e286,Genf_en
e287,Genf_en
e288,Genf_en
e289,Genf_en
e290,Genf_en
e291,Genf_en
e292,Genf_en
e293,Genf_en
e294,Genf_en
e295,Genf_en
e296,Genf_en
e297,Genf_en
e298,Genf_en
e299,Genf_en
e300,Genf_en
e301,Genf_en
e302,Genf_en
e303,Genf_en
e304,Genf_en
e305,Genf_en
e306,Genf_en
e307,Genf_en
e308,Genf_en
e309,Genf_en
e310,Genf_en
e311,Genf_en
e312,Genf_en
e313,Genf_en
e314,Genf_en
e315,Genf_en
e316,Genf_en
e317,Genf_en
e318,Genf_en
e319,Genf_en
e320,Genf_en
e321,Genf_en
e322,Genf_en
e323,Genf_en
e324,Genf_en
e325,Genf_en
e326,Genf_en
e327,Genf_en
e328,Genf_en
e329,Genf_en
e330,Genf_en
e331,Genf_en
e332,Genf_en
e333,Genf_en
e334,Genf_en
e335,Genf_en
e336,Genf_en
e337,Genf_en
e338,Genf_en
e339,Genf_en
e340,Genf_en
e341,Genf_en
e342,Genf_en
e343,Genf_en
e344,Genf_en
e345,Genf_en
e346,Genf_en
e347,Genf_en
e348,Genf_en
e349,Genf_en
e350,Genf_en
e351,Genf_en
e352,Genf_en
e353,Genf_en
e354,Genf_en
e355,Genf_en
e356,Genf_en
e357,Genf_en
e358,Genf_en
e359,Genf_en
e360,Genf_en
e361,Genf_en
e362,Genf_en
e363,Genf_en
e364,Genf_en
e365,Genf_en
e366,Genf_en
e367,Genf_en
e368,Genf_en
e369,Genf_en
e370,Genf_en
e371,Genf_en
e372,Genf_en
e373,Genf_en
e374,Genf_en
e375,Genf_en
e376,Genf_en
e377,Genf_en
e378,Genf_en
e379,Genf_en
e380,Genf_en
e381,Genf_en
e382,Genf_en
e383,Genf_en
e384,Genf_en
e385,Genf_en
e386,Genf_en
e387,Genf_en
e388,Genf_en
e389,Genf_en
e390,Genf_en
e391,Genf_en
e392,Genf_en
e393,Genf_en
e394,Genf_en
e395,Genf_en
e396,Genf_en
e397,Genf_en
e398,Genf_en
e399,Genf_en
e400,Genf_en
e401,Genf_en
e402,Genf_en
e403,Genf_en
e404,Genf_en
e405,Genf_en
e406,Genf_en
e407,Genf_en
e408,Genf_en
e409,Genf_en
e410,Genf_en
e411,Genf_en
e412,Genf_en
e413,Genf_en
e414,Genf_en
e415,Genf_en
e416,Genf_en
e417,Genf_en
