START_ID,END_ID,TYPE
Zurich_en,Zurich_en_b1,HAS_BLOCK
Zurich_en,Zurich_en_b2,HAS_BLOCK
Zurich_en,Zurich_en_b3,HAS_BLOCK
Zurich_en,Zurich_en_b4,HAS_BLOCK
Zurich_en,Zurich_en_b5,HAS_BLOCK
Zurich_en,Zurich_en_b6,HAS_BLOCK
Zurich_en,Zurich_en_b7,HAS_BLOCK
Zurich_en,Zurich_en_b8,HAS_BLOCK
Zurich_en,Zurich_en_b9,HAS_BLOCK
Zurich_en,Zurich_en_b10,HAS_BLOCK
Zurich_en,Zurich_en_b11,HAS_BLOCK
Zurich_en,Zurich_en_b12,HAS_BLOCK
Zurich_en,Zurich_en_b13,HAS_BLOCK
Zurich_en,Zurich_en_b14,HAS_BLOCK
Zurich_en,Zurich_en_b15,HAS_BLOCK
Zurich_en,Zurich_en_b16,HAS_BLOCK
Zurich_en,Zurich_en_b17,HAS_BLOCK
Zurich_en,Zurich_en_b18,HAS_BLOCK
Zurich_en,Zurich_en_b19,HAS_BLOCK
Zurich_en,Zurich_en_b20,HAS_BLOCK
Zurich_en,Zurich_en_b21,HAS_BLOCK
Zurich_en,Zurich_en_b22,HAS_BLOCK
Zurich_en,Zurich_en_b23,HAS_BLOCK
Zurich_en,Zurich_en_b24,HAS_BLOCK
Zurich_en,Zurich_en_b25,HAS_BLOCK
Zurich_en,Zurich_en_b26,HAS_BLOCK
Zurich_en,Zurich_en_b27,HAS_BLOCK
Zurich_en,Zurich_en_b28,HAS_BLOCK
Zurich_en,Zurich_en_b29,HAS_BLOCK
Zurich_en,Zurich_en_b30,HAS_BLOCK
Zurich_en,Zurich_en_b31,HAS_BLOCK
Zurich_en,Zurich_en_b32,HAS_BLOCK
Zurich_en,Zurich_en_b33,HAS_BLOCK
Zurich_en,Zurich_en_b34,HAS_BLOCK
Zurich_en,Zurich_en_b35,HAS_BLOCK
Zurich_en,Zurich_en_b36,HAS_BLOCK
Zurich_en,Zurich_en_b37,HAS_BLOCK
Zurich_en,Zurich_en_b38,HAS_BLOCK
Zurich_en,Zurich_en_b39,HAS_BLOCK
Zurich_en,Zurich_en_b40,HAS_BLOCK
Zurich_en,Zurich_en_b41,HAS_BLOCK
Zurich_en,Zurich_en_b42,HAS_BLOCK
Zurich_en,Zurich_en_b43,HAS_BLOCK
Zurich_en,Zurich_en_b44,HAS_BLOCK
Zurich_en,Zurich_en_b45,HAS_BLOCK
Zurich_en,Zurich_en_b46,HAS_BLOCK
Zurich_en,Zurich_en_b47,HAS_BLOCK
Zurich_en,Zurich_en_b48,HAS_BLOCK
Zurich_en,Zurich_en_b49,HAS_BLOCK
Zurich_en,Zurich_en_b50,HAS_BLOCK
Zurich_en,Zurich_en_b51,HAS_BLOCK
Zurich_en,Zurich_en_b52,HAS_BLOCK
Zurich_en,Zurich_en_b53,HAS_BLOCK
Zurich_en,Zurich_en_b54,HAS_BLOCK
Zurich_en,Zurich_en_b55,HAS_BLOCK
Zurich_en,Zurich_en_b56,HAS_BLOCK
Zurich_en,Zurich_en_b57,HAS_BLOCK
Zurich_en,Zurich_en_b58,HAS_BLOCK
Zurich_en,Zurich_en_b59,HAS_BLOCK
Zurich_en,Zurich_en_b60,HAS_BLOCK
Zurich_en,Zurich_en_b61,HAS_BLOCK
Zurich_en,Zurich_en_b62,HAS_BLOCK
Zurich_en,Zurich_en_b63,HAS_BLOCK
Zurich_en,Zurich_en_b64,HAS_BLOCK
Zurich_en,Zurich_en_b65,HAS_BLOCK
Zurich_en,Zurich_en_b66,HAS_BLOCK
Zurich_en,Zurich_en_b67,HAS_BLOCK
Zurich_en,Zurich_en_b68,HAS_BLOCK
Zurich_en,Zurich_en_b69,HAS_BLOCK
Zurich_en,Zurich_en_b70,HAS_BLOCK
Zurich_en,Zurich_en_b71,HAS_BLOCK
Zurich_en,Zurich_en_b72,HAS_BLOCK
Zurich_en,Zurich_en_b73,HAS_BLOCK
Zurich_en,Zurich_en_b74,HAS_BLOCK
Zurich_en,Zurich_en_b75,HAS_BLOCK
Zurich_en,Zurich_en_b76,HAS_BLOCK
Zurich_en,Zurich_en_b77,HAS_BLOCK
Zurich_en,Zurich_en_b78,HAS_BLOCK
Zurich_en,Zurich_en_b79,HAS_BLOCK
Zurich_en,Zurich_en_b80,HAS_BLOCK
Zurich_en,Zurich_en_b81,HAS_BLOCK
Zurich_en,Zurich_en_b82,HAS_BLOCK
Zurich_en,Zurich_en_b83,HAS_BLOCK
Zurich_en,Zurich_en_b84,HAS_BLOCK
Zurich_en,Zurich_en_b85,HAS_BLOCK
Zurich_en,Zurich_en_b86,HAS_BLOCK
Zurich_en,Zurich_en_b87,HAS_BLOCK
Zurich_en,Zurich_en_b88,HAS_BLOCK
Zurich_en,Zurich_en_b89,HAS_BLOCK
Zurich_en,Zurich_en_b90,HAS_BLOCK
Zurich_en,Zurich_en_b91,HAS_BLOCK
Zurich_en,Zurich_en_b92,HAS_BLOCK
Zurich_en,Zurich_en_b93,HAS_BLOCK
Zurich_en,Zurich_en_b94,HAS_BLOCK
Zurich_en,Zurich_en_b95,HAS_BLOCK
Zurich_en,Zurich_en_b96,HAS_BLOCK
Zurich_en,Zurich_en_b97,HAS_BLOCK
Zurich_en,Zurich_en_b98,HAS_BLOCK
Zurich_en,Zurich_en_b99,HAS_BLOCK
Zurich_en,Zurich_en_b100,HAS_BLOCK
Zurich_en,Zurich_en_b101,HAS_BLOCK
Zurich_en,Zurich_en_b102,HAS_BLOCK
Zurich_en,Zurich_en_b103,HAS_BLOCK
Zurich_en,Zurich_en_b104,HAS_BLOCK
Zurich_en,Zurich_en_b105,HAS_BLOCK
Zurich_en,Zurich_en_b106,HAS_BLOCK
Zurich_en,Zurich_en_b107,HAS_BLOCK
Zurich_en,Zurich_en_b108,HAS_BLOCK
Zurich_en,Zurich_en_b109,HAS_BLOCK
Zurich_en,Zurich_en_b110,HAS_BLOCK
Zurich_en,Zurich_en_b111,HAS_BLOCK
Zurich_en,Zurich_en_b112,HAS_BLOCK
Zurich_en,Zurich_en_b113,HAS_BLOCK
Zurich_en,Zurich_en_b114,HAS_BLOCK
Zurich_en,Zurich_en_b115,HAS_BLOCK
Zurich_en,Zurich_en_b116,HAS_BLOCK
Zurich_en,Zurich_en_b117,HAS_BLOCK
Zurich_en,Zurich_en_b118,HAS_BLOCK
Zurich_en,Zurich_en_b119,HAS_BLOCK
Zurich_en,Zurich_en_b120,HAS_BLOCK
Zurich_en,Zurich_en_b121,HAS_BLOCK
Zurich_en,Zurich_en_b122,HAS_BLOCK
Zurich_en,Zurich_en_b123,HAS_BLOCK
Zurich_en,Zurich_en_b124,HAS_BLOCK
Zurich_en,Zurich_en_b125,HAS_BLOCK
Zurich_en,Zurich_en_b126,HAS_BLOCK
Zurich_en,Zurich_en_b127,HAS_BLOCK
Zurich_en,Zurich_en_b128,HAS_BLOCK
Zurich_en,Zurich_en_b129,HAS_BLOCK
Zurich_en,Zurich_en_b130,HAS_BLOCK
Zurich_en,Zurich_en_b131,HAS_BLOCK
Zurich_en,Zurich_en_b132,HAS_BLOCK
Zurich_en,Zurich_en_b133,HAS_BLOCK
Zurich_en,Zurich_en_b134,HAS_BLOCK
Zurich_en,Zurich_en_b135,HAS_BLOCK
Zurich_en,Zurich_en_b136,HAS_BLOCK
Zurich_en,Zurich_en_b137,HAS_BLOCK
Zurich_en,Zurich_en_b138,HAS_BLOCK
Zurich_en,Zurich_en_b139,HAS_BLOCK
Zurich_en,Zurich_en_b140,HAS_BLOCK
Zurich_en,Zurich_en_b141,HAS_BLOCK
Zurich_en,Zurich_en_b142,HAS_BLOCK
Zurich_en,Zurich_en_b143,HAS_BLOCK
Zurich_en,Zurich_en_b144,HAS_BLOCK
Zurich_en,Zurich_en_b145,HAS_BLOCK
Zurich_en,Zurich_en_b146,HAS_BLOCK
Zurich_en,Zurich_en_b147,HAS_BLOCK
Zurich_en,Zurich_en_b148,HAS_BLOCK
Zurich_en,Zurich_en_b149,HAS_BLOCK
Zurich_en,Zurich_en_b150,HAS_BLOCK
Zurich_en,Zurich_en_b151,HAS_BLOCK
Zurich_en,Zurich_en_b152,HAS_BLOCK
Zurich_en,Zurich_en_b153,HAS_BLOCK
Zurich_en,Zurich_en_b154,HAS_BLOCK
Zurich_en,Zurich_en_b155,HAS_BLOCK
Zurich_en,Zurich_en_b156,HAS_BLOCK
Zurich_en,Zurich_en_b157,HAS_BLOCK
Zurich_en,Zurich_en_b158,HAS_BLOCK
Zurich_en,Zurich_en_b159,HAS_BLOCK
Zurich_en,Zurich_en_b160,HAS_BLOCK
Zurich_en,Zurich_en_b161,HAS_BLOCK
Zurich_en,Zurich_en_b162,HAS_BLOCK
Zurich_en,Zurich_en_b163,HAS_BLOCK
Zurich_en,Zurich_en_b164,HAS_BLOCK
Zurich_en,Zurich_en_b165,HAS_BLOCK
Zurich_en,Zurich_en_b166,HAS_BLOCK
Zurich_en,Zurich_en_b167,HAS_BLOCK
Zurich_en,Zurich_en_b168,HAS_BLOCK
Zurich_en,Zurich_en_b169,HAS_BLOCK
Zurich_en,Zurich_en_b170,HAS_BLOCK
Zurich_en,Zurich_en_b171,HAS_BLOCK
Zurich_en,Zurich_en_b172,HAS_BLOCK
Zurich_en,Zurich_en_b173,HAS_BLOCK
Zurich_en,Zurich_en_b174,HAS_BLOCK
Zurich_en,Zurich_en_b175,HAS_BLOCK
Zurich_en,Zurich_en_b176,HAS_BLOCK
Zurich_en,Zurich_en_b177,HAS_BLOCK
Zurich_en,Zurich_en_b178,HAS_BLOCK
Zurich_en,Zurich_en_b179,HAS_BLOCK
Zurich_en,Zurich_en_b180,HAS_BLOCK
Zurich_en,Zurich_en_b181,HAS_BLOCK
Zurich_en,Zurich_en_b182,HAS_BLOCK
Zurich_en,Zurich_en_b183,HAS_BLOCK
Zurich_en,Zurich_en_b184,HAS_BLOCK
Zurich_en,Zurich_en_b185,HAS_BLOCK
Zurich_en,Zurich_en_b186,HAS_BLOCK
Zurich_en,Zurich_en_b187,HAS_BLOCK
Zurich_en,Zurich_en_b188,HAS_BLOCK
Zurich_en,Zurich_en_b189,HAS_BLOCK
Zurich_en,Zurich_en_b190,HAS_BLOCK
Zurich_en,Zurich_en_b191,HAS_BLOCK
Zurich_en,Zurich_en_b192,HAS_BLOCK
Zurich_en,Zurich_en_b193,HAS_BLOCK
Zurich_en,Zurich_en_b194,HAS_BLOCK
Zurich_en,Zurich_en_b195,HAS_BLOCK
Zurich_en,Zurich_en_b196,HAS_BLOCK
Zurich_en,Zurich_en_b197,HAS_BLOCK
Zurich_en,Zurich_en_b198,HAS_BLOCK
Zurich_en,Zurich_en_b199,HAS_BLOCK
Zurich_en,Zurich_en_b200,HAS_BLOCK
Zurich_en,Zurich_en_b201,HAS_BLOCK
Zurich_en,Zurich_en_b202,HAS_BLOCK
Zurich_en,Zurich_en_b203,HAS_BLOCK
Zurich_en,Zurich_en_b204,HAS_BLOCK
Zurich_en,Zurich_en_b205,HAS_BLOCK
Zurich_en,Zurich_en_b206,HAS_BLOCK
Zurich_en,Zurich_en_b207,HAS_BLOCK
Zurich_en,Zurich_en_b208,HAS_BLOCK
Zurich_en,Zurich_en_b209,HAS_BLOCK
Zurich_en,Zurich_en_b210,HAS_BLOCK
Zurich_en,Zurich_en_b211,HAS_BLOCK
Zurich_en,Zurich_en_b212,HAS_BLOCK
Zurich_en,Zurich_en_b213,HAS_BLOCK
Zurich_en,Zurich_en_b214,HAS_BLOCK
Zurich_en,Zurich_en_b215,HAS_BLOCK
Zurich_en,Zurich_en_b216,HAS_BLOCK
Zurich_en,Zurich_en_b217,HAS_BLOCK
Zurich_en,Zurich_en_b218,HAS_BLOCK
Zurich_en,Zurich_en_b219,HAS_BLOCK
Zurich_en,Zurich_en_b220,HAS_BLOCK
Zurich_en,Zurich_en_b221,HAS_BLOCK
Zurich_en,Zurich_en_b222,HAS_BLOCK
Zurich_en,Zurich_en_b223,HAS_BLOCK
Zurich_en,Zurich_en_b224,HAS_BLOCK
Zurich_en,Zurich_en_b225,HAS_BLOCK
Zurich_en,Zurich_en_b226,HAS_BLOCK
Zurich_en,Zurich_en_b227,HAS_BLOCK
Zurich_en,Zurich_en_b228,HAS_BLOCK
Zurich_en,Zurich_en_b229,HAS_BLOCK
Zurich_en,Zurich_en_b230,HAS_BLOCK
Zurich_en,Zurich_en_b231,HAS_BLOCK
Zurich_en,Zurich_en_b232,HAS_BLOCK
Zurich_en,Zurich_en_b233,HAS_BLOCK
Zurich_en,Zurich_en_b234,HAS_BLOCK
Zurich_en,Zurich_en_b235,HAS_BLOCK
Zurich_en,Zurich_en_b236,HAS_BLOCK
Zurich_en,Zurich_en_b237,HAS_BLOCK
Zurich_en,Zurich_en_b238,HAS_BLOCK
Zurich_en,Zurich_en_b239,HAS_BLOCK
Zurich_en,Zurich_en_b240,HAS_BLOCK
Zurich_en,Zurich_en_b241,HAS_BLOCK
Zurich_en,Zurich_en_b242,HAS_BLOCK
Zurich_en,Zurich_en_b243,HAS_BLOCK
Zurich_en,Zurich_en_b244,HAS_BLOCK
Zurich_en,Zurich_en_b245,HAS_BLOCK
Zurich_en,Zurich_en_b246,HAS_BLOCK
Zurich_en,Zurich_en_b247,HAS_BLOCK
Zurich_en,Zurich_en_b248,HAS_BLOCK
Zurich_en,Zurich_en_b249,HAS_BLOCK
Zurich_en,Zurich_en_b250,HAS_BLOCK
Zurich_en,Zurich_en_b251,HAS_BLOCK
Zurich_en,Zurich_en_b252,HAS_BLOCK
Zurich_en,Zurich_en_b253,HAS_BLOCK
Zurich_en,Zurich_en_b254,HAS_BLOCK
Zurich_en,Zurich_en_b255,HAS_BLOCK
Zurich_en,Zurich_en_b256,HAS_BLOCK
Zurich_en,Zurich_en_b257,HAS_BLOCK
Zurich_en,Zurich_en_b258,HAS_BLOCK
Zurich_en,Zurich_en_b259,HAS_BLOCK
Zurich_en,Zurich_en_b260,HAS_BLOCK
Zurich_en,Zurich_en_b261,HAS_BLOCK
Zurich_en,Zurich_en_b262,HAS_BLOCK
Zurich_en,Zurich_en_b263,HAS_BLOCK
Zurich_en,Zurich_en_b264,HAS_BLOCK
Zurich_en,Zurich_en_b265,HAS_BLOCK
Zurich_en,Zurich_en_b266,HAS_BLOCK
Zurich_en,Zurich_en_b267,HAS_BLOCK
Zurich_en,Zurich_en_b268,HAS_BLOCK
Zurich_en,Zurich_en_b269,HAS_BLOCK
Zurich_en,Zurich_en_b270,HAS_BLOCK
Zurich_en,Zurich_en_b271,HAS_BLOCK
Zurich_en,Zurich_en_b272,HAS_BLOCK
Zurich_en,Zurich_en_b273,HAS_BLOCK
Zurich_en,Zurich_en_b274,HAS_BLOCK
Zurich_en,Zurich_en_b275,HAS_BLOCK
Zurich_en,Zurich_en_b276,HAS_BLOCK
Zurich_en,Zurich_en_b277,HAS_BLOCK
Zurich_en,Zurich_en_b278,HAS_BLOCK
Zurich_en,Zurich_en_b279,HAS_BLOCK
Zurich_en,Zurich_en_b280,HAS_BLOCK
Zurich_en,Zurich_en_b281,HAS_BLOCK
Zurich_en,Zurich_en_b282,HAS_BLOCK
Zurich_en,Zurich_en_b283,HAS_BLOCK
Zurich_en,Zurich_en_b284,HAS_BLOCK
Zurich_en,Zurich_en_b285,HAS_BLOCK
Zurich_en,Zurich_en_b286,HAS_BLOCK
Zurich_en,Zurich_en_b287,HAS_BLOCK
Zurich_en,Zurich_en_b288,HAS_BLOCK
Zurich_en,Zurich_en_b289,HAS_BLOCK
Zurich_en,Zurich_en_b290,HAS_BLOCK
Zurich_en,Zurich_en_b291,HAS_BLOCK
Zurich_en,Zurich_en_b292,HAS_BLOCK
Zurich_en,Zurich_en_b293,HAS_BLOCK
Zurich_en,Zurich_en_b294,HAS_BLOCK
Zurich_en,Zurich_en_b295,HAS_BLOCK
Zurich_en,Zurich_en_b296,HAS_BLOCK
Zurich_en,Zurich_en_b297,HAS_BLOCK
Zurich_en,Zurich_en_b298,HAS_BLOCK
Zurich_en,Zurich_en_b299,HAS_BLOCK
Zurich_en,Zurich_en_b300,HAS_BLOCK
Zurich_en,Zurich_en_b301,HAS_BLOCK
Zurich_en,Zurich_en_b302,HAS_BLOCK
Zurich_en,Zurich_en_b303,HAS_BLOCK
Zurich_en,Zurich_en_b304,HAS_BLOCK
Zurich_en,Zurich_en_b305,HAS_BLOCK
Zurich_en,Zurich_en_b306,HAS_BLOCK
Zurich_en,Zurich_en_b307,HAS_BLOCK
Zurich_en,Zurich_en_b308,HAS_BLOCK
Zurich_en,Zurich_en_b309,HAS_BLOCK
Zurich_en,Zurich_en_b310,HAS_BLOCK
Zurich_en,Zurich_en_b311,HAS_BLOCK
Zurich_en,Zurich_en_b312,HAS_BLOCK
Zurich_en,Zurich_en_b313,HAS_BLOCK
Zurich_en,Zurich_en_b314,HAS_BLOCK
Zurich_en,Zurich_en_b315,HAS_BLOCK
Zurich_en,Zurich_en_b316,HAS_BLOCK
Zurich_en,Zurich_en_b317,HAS_BLOCK
Zurich_en,Zurich_en_b318,HAS_BLOCK
Zurich_en,Zurich_en_b319,HAS_BLOCK
Zurich_en,Zurich_en_b320,HAS_BLOCK
Zurich_en,Zurich_en_b321,HAS_BLOCK
Zurich_historic_en,Zurich_historic_en_b1,HAS_BLOCK
Zurich_historic_en,Zurich_historic_en_b2,HAS_BLOCK
Zurich_historic_en,Zurich_historic_en_b3,HAS_BLOCK
Zurich_historic_en,Zurich_historic_en_b4,HAS_BLOCK
Zurich_historic_en,Zurich_historic_en_b5,HAS_BLOCK
Zurich_historic_en,Zurich_historic_en_b6,HAS_BLOCK
Zurich_historic_en,Zurich_historic_en_b7,HAS_BLOCK
Zurich_historic_en,Zurich_historic_en_b8,HAS_BLOCK
Zurich_historic_en,Zurich_historic_en_b9,HAS_BLOCK
Zurich_historic_en,Zurich_historic_en_b10,HAS_BLOCK
Zurich_historic_en,Zurich_historic_en_b11,HAS_BLOCK
Zurich_historic_en,Zurich_historic_en_b12,HAS_BLOCK
Zurich_historic_en,Zurich_historic_en_b13,HAS_BLOCK
Zurich_historic_en,Zurich_historic_en_b14,HAS_BLOCK
Zurich_historic_en,Zurich_historic_en_b15,HAS_BLOCK
Zurich_historic_en,Zurich_historic_en_b16,HAS_BLOCK
Zurich_historic_en,Zurich_historic_en_b17,HAS_BLOCK
Zurich_historic_en,Zurich_historic_en_b18,HAS_BLOCK
Zurich_historic_en,Zurich_historic_en_b19,HAS_BLOCK
Zurich_historic_en,Zurich_historic_en_b20,HAS_BLOCK
Zurich_historic_en,Zurich_historic_en_b21,HAS_BLOCK
Zurich_historic_en,Zurich_historic_en_b22,HAS_BLOCK
Zurich_historic_en,Zurich_historic_en_b23,HAS_BLOCK
Zurich_historic_en,Zurich_historic_en_b24,HAS_BLOCK
Zurich_historic_en,Zurich_historic_en_b25,HAS_BLOCK
Zurich_historic_en,Zurich_historic_en_b26,HAS_BLOCK
Zurich_historic_en,Zurich_historic_en_b27,HAS_BLOCK
Zurich_historic_en,Zurich_historic_en_b28,HAS_BLOCK
Zurich_historic_en,Zurich_historic_en_b29,HAS_BLOCK
Zurich_historic_en,Zurich_historic_en_b30,HAS_BLOCK
Zurich_historic_en,Zurich_historic_en_b31,HAS_BLOCK
Zurich_historic_en,Zurich_historic_en_b32,HAS_BLOCK
Zurich_historic_en,Zurich_historic_en_b33,HAS_BLOCK
Zurich_historic_en,Zurich_historic_en_b34,HAS_BLOCK
Zurich_historic_en,Zurich_historic_en_b35,HAS_BLOCK
Zurich_historic_en,Zurich_historic_en_b36,HAS_BLOCK
Zurich_historic_en,Zurich_historic_en_b37,HAS_BLOCK
Zurich_historic_en,Zurich_historic_en_b38,HAS_BLOCK
Zurich_historic_en,Zurich_historic_en_b39,HAS_BLOCK
Zurich_historic_en,Zurich_historic_en_b40,HAS_BLOCK
Zurich_historic_en,Zurich_historic_en_b41,HAS_BLOCK
Zurich_historic_en,Zurich_historic_en_b42,HAS_BLOCK
Zurich_historic_en,Zurich_historic_en_b43,HAS_BLOCK
Zurich_historic_en,Zurich_historic_en_b44,HAS_BLOCK
Zurich_historic_en,Zurich_historic_en_b45,HAS_BLOCK
Zurich_historic_en,Zurich_historic_en_b46,HAS_BLOCK
Zurich_historic_en,Zurich_historic_en_b47,HAS_BLOCK
Zurich_historic_en,Zurich_historic_en_b48,HAS_BLOCK
Zurich_historic_en,Zurich_historic_en_b49,HAS_BLOCK
Zurich_historic_en,Zurich_historic_en_b50,HAS_BLOCK
Zurich_historic_en,Zurich_historic_en_b51,HAS_BLOCK
Zurich_historic_en,Zurich_historic_en_b52,HAS_BLOCK
Zurich_historic_en,Zurich_historic_en_b53,HAS_BLOCK
Zurich_historic_en,Zurich_historic_en_b54,HAS_BLOCK
Zurich_historic_en,Zurich_historic_en_b55,HAS_BLOCK
Zurich_historic_en,Zurich_historic_en_b56,HAS_BLOCK
Zurich_historic_en,Zurich_historic_en_b57,HAS_BLOCK
Zurich_historic_en,Zurich_historic_en_b58,HAS_BLOCK
Zurich_historic_en,Zurich_historic_en_b59,HAS_BLOCK
Zurich_historic_en,Zurich_historic_en_b60,HAS_BLOCK
Zurich_historic_en,Zurich_historic_en_b61,HAS_BLOCK
Zurich_historic_en,Zurich_historic_en_b62,HAS_BLOCK
Zurich_historic_en,Zurich_historic_en_b63,HAS_BLOCK
Zurich_historic_en,Zurich_historic_en_b64,HAS_BLOCK
Zurich_historic_en,Zurich_historic_en_b65,HAS_BLOCK
Zurich_historic_en,Zurich_historic_en_b66,HAS_BLOCK
Zurich_historic_en,Zurich_historic_en_b67,HAS_BLOCK
Zurich_historic_en,Zurich_historic_en_b68,HAS_BLOCK
Zurich_historic_en,Zurich_historic_en_b69,HAS_BLOCK
Zurich_historic_en,Zurich_historic_en_b70,HAS_BLOCK
Zurich_historic_en,Zurich_historic_en_b71,HAS_BLOCK
Zurich_historic_en,Zurich_historic_en_b72,HAS_BLOCK
Zurich_historic_en,Zurich_historic_en_b73,HAS_BLOCK
Zurich_historic_en,Zurich_historic_en_b74,HAS_BLOCK
Zurich_historic_en,Zurich_historic_en_b75,HAS_BLOCK
Zurich_historic_en,Zurich_historic_en_b76,HAS_BLOCK
Zurich_historic_en,Zurich_historic_en_b77,HAS_BLOCK
Zurich_historic_en,Zurich_historic_en_b78,HAS_BLOCK
Zurich_historic_en,Zurich_historic_en_b79,HAS_BLOCK
Zurich_historic_en,Zurich_historic_en_b80,HAS_BLOCK
Zurich_historic_en,Zurich_historic_en_b81,HAS_BLOCK
Zurich_historic_en,Zurich_historic_en_b82,HAS_BLOCK
Zurich_historic_en,Zurich_historic_en_b83,HAS_BLOCK
Zurich_historic_en,Zurich_historic_en_b84,HAS_BLOCK
Zurich_historic_en,Zurich_historic_en_b85,HAS_BLOCK
Zurich_historic_en,Zurich_historic_en_b86,HAS_BLOCK
Zurich_historic_en,Zurich_historic_en_b87,HAS_BLOCK
Zurich_historic_en,Zurich_historic_en_b88,HAS_BLOCK
Zurich_historic_en,Zurich_historic_en_b89,HAS_BLOCK
Zurich_historic_en,Zurich_historic_en_b90,HAS_BLOCK
Zurich_historic_en,Zurich_historic_en_b91,HAS_BLOCK
Zurich_historic_en,Zurich_historic_en_b92,HAS_BLOCK
Zurich_historic_en,Zurich_historic_en_b93,HAS_BLOCK
Zurich_historic_en,Zurich_historic_en_b94,HAS_BLOCK
Zurich_historic_en,Zurich_historic_en_b95,HAS_BLOCK
Zurich_historic_en,Zurich_historic_en_b96,HAS_BLOCK
Zurich_historic_en,Zurich_historic_en_b97,HAS_BLOCK
Zurich_historic_en,Zurich_historic_en_b98,HAS_BLOCK
Zurich_historic_en,Zurich_historic_en_b99,HAS_BLOCK
Zurich_historic_en,Zurich_historic_en_b100,HAS_BLOCK
Zurich_historic_en,Zurich_historic_en_b101,HAS_BLOCK
Zurich_historic_en,Zurich_historic_en_b102,HAS_BLOCK
Zurich_historic_en,Zurich_historic_en_b103,HAS_BLOCK
Zurich_historic_en,Zurich_historic_en_b104,HAS_BLOCK
Zurich_historic_en,Zurich_historic_en_b105,HAS_BLOCK
Zurich_historic_en,Zurich_historic_en_b106,HAS_BLOCK
Zurich_historic_en,Zurich_historic_en_b107,HAS_BLOCK
Zurich_historic_en,Zurich_historic_en_b108,HAS_BLOCK
Zurich_historic_en,Zurich_historic_en_b109,HAS_BLOCK
Zurich_historic_en,Zurich_historic_en_b110,HAS_BLOCK
Zurich_historic_en,Zurich_historic_en_b111,HAS_BLOCK
Zurich_historic_en,Zurich_historic_en_b112,HAS_BLOCK
Zurich_historic_en,Zurich_historic_en_b113,HAS_BLOCK
Zurich_historic_en,Zurich_historic_en_b114,HAS_BLOCK
Zurich_historic_en,Zurich_historic_en_b115,HAS_BLOCK
Zurich_historic_en,Zurich_historic_en_b116,HAS_BLOCK
Zurich_historic_en,Zurich_historic_en_b117,HAS_BLOCK
Zurich_historic_en,Zurich_historic_en_b118,HAS_BLOCK
Zurich_historic_en,Zurich_historic_en_b119,HAS_BLOCK
Zurich_historic_en,Zurich_historic_en_b120,HAS_BLOCK
Zurich_historic_en,Zurich_historic_en_b121,HAS_BLOCK
Zurich_historic_en,Zurich_historic_en_b122,HAS_BLOCK
Zurich_historic_en,Zurich_historic_en_b123,HAS_BLOCK
Zurich_historic_en,Zurich_historic_en_b124,HAS_BLOCK
Zurich_historic_en,Zurich_historic_en_b125,HAS_BLOCK
Zurich_historic_en,Zurich_historic_en_b126,HAS_BLOCK
Zurich_historic_en,Zurich_historic_en_b127,HAS_BLOCK
Zurich_historic_en,Zurich_historic_en_b128,HAS_BLOCK
